{"stats":{"minecraft:crafted":{"minecraft:cooked_chicken":8,"minecraft:furnace":1,"minecraft:cooked_mutton":26,"minecraft:spruce_stairs":20,"jeg:scrap_workbench":1,"minecraft:iron_axe":2,"minecraft:stone_pickaxe":1,"minecraft:cooked_rabbit":3,"minecraft:cooked_beef":4,"regions_unexplored:palm_planks":88,"minecraft:crafting_table":2,"minecraft:spruce_planks":88,"minecraft:wooden_pickaxe":1,"minecraft:air":0,"jeg:scrap_block":1,"minecraft:jungle_planks":32,"minecraft:iron_chestplate":1,"minecraft:shield":1,"minecraft:stick":8,"minecraft:iron_ingot":18,"minecraft:iron_pickaxe":1,"minecraft:iron_shovel":1,"minecraft:acacia_planks":8,"minecraft:torch":12,"minecraft:shears":1},"minecraft:mined":{"regions_unexplored:palm_shrub":3,"minecraft:white_bed":1,"minecraft:jungle_planks":32,"minecraft:jungle_log":125,"regions_unexplored:elephant_ear":32,"minecraft:spruce_leaves":5,"minecraft:spawner":1,"regions_unexplored:flowering_leaves":30,"minecraft:large_fern":2,"minecraft:tall_seagrass":1,"minecraft:redstone_ore":12,"minecraft:furnace":1,"minecraft:iron_ore":72,"minecraft:acacia_wood":2,"minecraft:bookshelf":6,"minecraft:stone":137,"regions_unexplored:silt_grass_block":112,"jeg:scrap_ore":9,"expore:exp_ore":10,"minecraft:dandelion":2,"minecraft:powder_snow":2,"minecraft:crafting_table":1,"regions_unexplored:bladed_tall_grass":2,"minecraft:blast_furnace":1,"minecraft:emerald_ore":2,"regions_unexplored:silt_dirt":15,"minecraft:chest":2,"biomesoplenty:huge_clover_petal":1,"minecraft:purple_bed":1,"regions_unexplored:hibiscus":2,"minecraft:spruce_log":22,"regions_unexplored:palm_planks":32,"minecraft:grass":79,"minecraft:coal_ore":38,"minecraft:oak_log":2,"regions_unexplored:palm_log":175,"minecraft:oak_leaves":88,"minecraft:fern":1},"minecraft:picked_up":{"regions_unexplored:hibiscus":2,"minecraft:crafting_table":1,"minecraft:chicken":8,"regions_unexplored:silt_dirt":138,"regions_unexplored:palm_shrub":2,"minecraft:beef":4,"minecraft:jungle_sapling":30,"minecraft:chest":2,"minecraft:egg":7,"minecraft:furnace":1,"minecraft:raw_iron":71,"minecraft:stick":132,"regions_unexplored:elephant_ear":26,"minecraft:redstone":53,"minecraft:arrow":4,"minecraft:rotten_flesh":15,"regions_unexplored:redstone_bulb":1,"minecraft:mutton":16,"minecraft:white_wool":5,"minecraft:cobblestone":136,"minecraft:feather":8,"regions_unexplored:flowering_leaves":15,"regions_unexplored:palm_planks":32,"minecraft:jungle_log":122,"minecraft:leather":3,"minecraft:acacia_wood":2,"minecraft:oak_log":2,"jeg:scrap":18,"minecraft:bone":6,"minecraft:bow":1,"minecraft:wheat_seeds":7,"minecraft:rabbit_hide":1,"minecraft:rabbit":3,"jeg:tech_trash":2,"minecraft:book":18,"regions_unexplored:palm_sapling":60,"minecraft:music_disc_13":1,"minecraft:dandelion":1,"minecraft:jungle_planks":32,"minecraft:spruce_sapling":2,"minecraft:blast_furnace":1,"minecraft:white_bed":1,"minecraft:spruce_log":22,"regions_unexplored:palm_log":165,"minecraft:purple_bed":1,"waystones:waystone":1,"minecraft:emerald":2,"minecraft:melon_seeds":2,"minecraft:black_wool":2,"minecraft:oak_sapling":6,"minecraft:netherrack":12,"minecraft:coal":43,"minecraft:oak_leaves":53,"regions_unexplored:flowering_sapling":1},"minecraft:broken":{"minecraft:iron_axe":1},"minecraft:used":{"minecraft:iron_shovel":154,"minecraft:chest":2,"minecraft:shield":141,"minecraft:iron_sword":66,"minecraft:cooked_chicken":7,"minecraft:rotten_flesh":4,"minecraft:netherrack":5,"minecraft:torch":12,"minecraft:mutton":3,"minecraft:jungle_planks":64,"minecraft:spruce_stairs":8,"minecraft:iron_axe":467,"minecraft:jungle_log":20,"minecraft:furnace":2,"minecraft:cooked_beef":1,"minecraft:acacia_planks":3,"regions_unexplored:redstone_bulb":1,"minecraft:stone_pickaxe":52,"minecraft:wooden_pickaxe":30,"minecraft:oak_leaves":4,"minecraft:crafting_table":3,"minecraft:blast_furnace":1,"minecraft:shears":69,"waystones:waystone":1,"regions_unexplored:palm_planks":110,"minecraft:bread":18,"minecraft:iron_pickaxe":220,"minecraft:spruce_sapling":2,"jeg:scrap_workbench":1,"minecraft:purple_bed":1,"minecraft:cooked_rabbit":3,"minecraft:dandelion":1,"regions_unexplored:silt_dirt":97},"minecraft:dropped":{"minecraft:iron_ingot":10,"minecraft:wheat_seeds":7,"minecraft:stick":1,"minecraft:string":7,"minecraft:obsidian":4,"minecraft:rotten_flesh":5,"minecraft:white_bed":1,"regions_unexplored:palm_shrub":1,"minecraft:gunpowder":5,"regions_unexplored:hibiscus":1,"minecraft:golden_leggings":1,"minecraft:stone_pickaxe":1,"minecraft:wooden_pickaxe":1},"minecraft:killed":{"minecraft:skeleton":3,"minecraft:chicken":8,"minecraft:rabbit":2,"minecraft:sheep":7,"minecraft:zombie":14,"minecraft:cow":2},"minecraft:custom":{"minecraft:mob_kills":39,"minecraft:interact_with_crafting_table":15,"minecraft:leave_game":2,"minecraft:time_since_death":16806,"minecraft:climb_one_cm":4048,"minecraft:sprint_one_cm":167089,"minecraft:walk_one_cm":334102,"minecraft:damage_blocked_by_shield":2600,"minecraft:drop":15,"minecraft:talked_to_villager":3,"minecraft:play_time":119366,"minecraft:deaths":2,"minecraft:sneak_time":5030,"minecraft:walk_under_water_one_cm":9022,"minecraft:jump":1378,"minecraft:interact_with_blast_furnace":16,"minecraft:walk_on_water_one_cm":8861,"minecraft:total_world_time":119366,"minecraft:interact_with_furnace":35,"minecraft:sleep_in_bed":3,"minecraft:time_since_rest":16840,"minecraft:waystone_activated":1,"minecraft:damage_taken":2157,"minecraft:damage_dealt":4214,"minecraft:swim_one_cm":37351,"minecraft:fly_one_cm":150507,"minecraft:open_chest":34,"minecraft:crouch_one_cm":13098,"minecraft:fall_one_cm":35550,"minecraft:horse_one_cm":200784}},"DataVersion":3465}