{"stats":{"minecraft:crafted":{"minecraft:jungle_button":5,"minecraft:oak_door":3,"minecraft:smooth_stone":4,"minecraft:oak_planks":12,"minecraft:coal":9,"minecraft:cooked_chicken":8,"minecraft:furnace":2,"minecraft:stone":131,"minecraft:lever":2,"minecraft:spruce_fence":48,"create:schematicannon":1,"minecraft:cooked_mutton":26,"minecraft:glass":61,"minecraft:spruce_stairs":20,"jeg:scrap_workbench":1,"minecraft:iron_axe":4,"minecraft:stone_pickaxe":1,"minecraft:chest":2,"minecraft:jungle_stairs":32,"minecraft:stone_bricks":80,"regions_unexplored:palm_boat":1,"minecraft:cooked_rabbit":12,"minecraft:cooked_beef":4,"regions_unexplored:palm_planks":360,"minecraft:crafting_table":4,"minecraft:spruce_planks":144,"minecraft:jungle_boat":1,"minecraft:wooden_pickaxe":1,"minecraft:iron_sword":1,"minecraft:golden_shovel":1,"minecraft:air":0,"jeg:scrap_block":1,"minecraft:jungle_planks":344,"minecraft:spruce_trapdoor":4,"minecraft:iron_chestplate":1,"minecraft:yellow_dye":3,"minecraft:charcoal":64,"minecraft:shield":1,"minecraft:stick":48,"minecraft:iron_ingot":56,"minecraft:iron_pickaxe":3,"regions_unexplored:palm_button":3,"minecraft:iron_block":2,"minecraft:iron_shovel":2,"minecraft:gold_ingot":18,"minecraft:stonecutter":1,"minecraft:acacia_planks":8,"minecraft:torch":24,"minecraft:shears":1},"minecraft:mined":{"regions_unexplored:palm_shrub":4,"minecraft:spruce_planks":3,"minecraft:white_bed":1,"minecraft:oak_door":2,"minecraft:spruce_trapdoor":2,"minecraft:purple_terracotta":1,"minecraft:jungle_planks":49,"gobber2:gobber2_lucky_block":8,"minecraft:jungle_log":289,"minecraft:coal_block":1,"regions_unexplored:elephant_ear":44,"minecraft:spruce_leaves":5,"minecraft:spawner":2,"regions_unexplored:flowering_leaves":33,"minecraft:large_fern":6,"minecraft:hay_block":34,"minecraft:tall_seagrass":1,"minecraft:redstone_ore":12,"minecraft:glowstone":1,"minecraft:furnace":1,"minecraft:iron_ore":110,"minecraft:fire":9,"minecraft:acacia_wood":2,"minecraft:gold_block":2,"minecraft:bookshelf":6,"minecraft:vine":6,"regions_unexplored:medium_grass":1,"minecraft:stone":265,"regions_unexplored:silt_grass_block":207,"minecraft:spruce_slab":1,"regions_unexplored:palm_beard":4,"regions_unexplored:redstone_bulb":2,"minecraft:tripwire":5,"minecraft:jungle_button":1,"jeg:scrap_ore":19,"expore:exp_ore":16,"minecraft:smoker":1,"minecraft:dandelion":2,"minecraft:powder_snow":2,"regions_unexplored:palm_leaves":23,"minecraft:crafting_table":1,"minecraft:jungle_stairs":3,"regions_unexplored:bladed_tall_grass":2,"minecraft:blast_furnace":2,"minecraft:emerald_ore":2,"regions_unexplored:silt_dirt":18,"minecraft:chest":3,"minecraft:tall_grass":1,"minecraft:cobblestone":8,"biomesoplenty:huge_clover_petal":1,"minecraft:spruce_stairs":1,"minecraft:seagrass":1,"minecraft:purple_bed":1,"minecraft:red_candle":1,"regions_unexplored:redstone_bud":1,"regions_unexplored:hibiscus":4,"minecraft:spruce_log":22,"minecraft:tnt":10,"regions_unexplored:palm_planks":38,"minecraft:grass":84,"minecraft:coal_ore":73,"minecraft:oak_log":7,"regions_unexplored:palm_log":507,"minecraft:sand":107,"minecraft:crimson_planks":1,"minecraft:stonecutter":1,"minecraft:stone_bricks":28,"minecraft:dispenser":1,"minecraft:oak_leaves":129,"minecraft:fern":2},"minecraft:picked_up":{"regions_unexplored:hibiscus":9,"minecraft:crafting_table":1,"minecraft:chicken":8,"minecraft:sentry_armor_trim_smithing_template":6,"regions_unexplored:silt_dirt":592,"minecraft:gold_block":2,"minecraft:crimson_planks":1,"regions_unexplored:palm_shrub":4,"minecraft:music_disc_cat":1,"minecraft:string":7,"minecraft:iron_leggings":1,"minecraft:experience_bottle":2,"minecraft:spruce_planks":3,"minecraft:beef":15,"minecraft:jungle_sapling":65,"minecraft:spruce_slab":1,"minecraft:coal_block":1,"minecraft:chest":3,"minecraft:spruce_trapdoor":2,"minecraft:furnace":1,"minecraft:diamond_hoe":1,"minecraft:iron_boots":1,"minecraft:egg":8,"minecraft:raw_iron":109,"minecraft:stick":333,"minecraft:sandstone":4,"minecraft:oak_door":2,"regions_unexplored:elephant_ear":39,"minecraft:torch":2,"minecraft:spruce_stairs":1,"minecraft:redstone":57,"minecraft:goat_horn":1,"minecraft:purple_terracotta":1,"gobber2:gobber2_foo":2,"minecraft:tnt":10,"minecraft:arrow":12,"minecraft:rotten_flesh":30,"regions_unexplored:redstone_bulb":4,"minecraft:vex_armor_trim_smithing_template":1,"minecraft:jungle_stairs":3,"minecraft:hay_block":34,"minecraft:gold_ingot":7,"minecraft:mutton":16,"minecraft:obsidian":1,"minecraft:white_wool":5,"minecraft:cobblestone":295,"minecraft:cooked_beef":1,"minecraft:feather":8,"regions_unexplored:flowering_leaves":15,"regions_unexplored:palm_planks":38,"minecraft:jungle_log":266,"minecraft:leather":9,"minecraft:smoker":1,"minecraft:acacia_wood":2,"regions_unexplored:palm_boat":6,"minecraft:flint":9,"minecraft:oak_log":9,"regions_unexplored:palm_leaves":2,"minecraft:jungle_button":2,"jeg:scrap":40,"minecraft:gunpowder":9,"jeg:grenade":1,"minecraft:bone":9,"minecraft:apple":2,"minecraft:stone_bricks":28,"minecraft:bow":1,"minecraft:stonecutter":2,"gobber2:gobber2_gooey_beef":3,"minecraft:wheat_seeds":16,"minecraft:rabbit_hide":1,"minecraft:iron_ingot":24,"minecraft:rabbit":12,"minecraft:glowstone_dust":4,"jeg:double_barrel_shotgun":1,"gobber2:gobber2_gooey_bread":3,"jeg:tech_trash":2,"minecraft:book":18,"regions_unexplored:palm_sapling":151,"minecraft:music_disc_13":1,"minecraft:dandelion":1,"minecraft:sand":285,"minecraft:jungle_planks":70,"minecraft:spruce_sapling":2,"minecraft:blast_furnace":2,"minecraft:white_bed":1,"minecraft:spruce_log":22,"regions_unexplored:palm_log":489,"regions_unexplored:palm_button":2,"minecraft:spider_eye":1,"jeg:handmade_shell":20,"minecraft:dispenser":1,"minecraft:purple_bed":1,"waystones:waystone":3,"minecraft:iron_helmet":1,"minecraft:golden_apple":1,"minecraft:emerald":3,"minecraft:netherrack":12,"minecraft:oak_sapling":13,"minecraft:melon_seeds":2,"minecraft:black_wool":2,"minecraft:oak_leaves":58,"minecraft:coal":78,"gobber2:gobber2_goo":1,"regions_unexplored:flowering_sapling":4},"minecraft:broken":{"minecraft:iron_shovel":1,"minecraft:golden_shovel":1,"minecraft:iron_axe":3,"minecraft:iron_pickaxe":2,"minecraft:iron_sword":1},"minecraft:used":{"gobber2:gobber2_goo":1,"minecraft:iron_shovel":330,"minecraft:spruce_slab":1,"minecraft:chest":5,"gobber2:gobber2_gooey_bread":2,"minecraft:shield":166,"minecraft:stone":14,"minecraft:iron_sword":285,"minecraft:cooked_chicken":8,"minecraft:rotten_flesh":4,"minecraft:netherrack":5,"minecraft:oak_door":4,"minecraft:torch":24,"minecraft:mutton":3,"minecraft:spruce_stairs":11,"minecraft:jungle_planks":222,"minecraft:golden_shovel":32,"jeg:grenade":1,"minecraft:spruce_fence":28,"minecraft:iron_axe":1033,"minecraft:jungle_log":107,"minecraft:iron_helmet":1,"regions_unexplored:elephant_ear":1,"minecraft:crimson_planks":1,"minecraft:stone_bricks":135,"jeg:double_barrel_shotgun":10,"minecraft:hay_block":1,"minecraft:beef":8,"minecraft:jungle_button":5,"minecraft:goat_horn":2,"minecraft:furnace":3,"minecraft:egg":1,"minecraft:cooked_beef":3,"minecraft:acacia_planks":3,"minecraft:cooked_mutton":26,"regions_unexplored:redstone_bulb":3,"minecraft:stone_pickaxe":52,"minecraft:wooden_pickaxe":30,"minecraft:stonecutter":2,"minecraft:jungle_boat":1,"minecraft:oak_leaves":37,"minecraft:sand":2,"minecraft:tnt":10,"minecraft:crafting_table":5,"minecraft:blast_furnace":1,"create:schematicannon":1,"minecraft:smoker":1,"minecraft:shears":87,"waystones:waystone":3,"regions_unexplored:palm_log":399,"regions_unexplored:palm_planks":296,"minecraft:iron_pickaxe":514,"minecraft:bread":25,"minecraft:spruce_trapdoor":6,"minecraft:jungle_stairs":7,"minecraft:spruce_sapling":2,"jeg:scrap_workbench":1,"minecraft:cobblestone":52,"minecraft:purple_bed":1,"minecraft:cooked_rabbit":12,"regions_unexplored:palm_button":2,"regions_unexplored:palm_boat":6,"minecraft:dandelion":1,"minecraft:experience_bottle":10,"regions_unexplored:silt_dirt":551},"minecraft:dropped":{"minecraft:enchanted_book":1,"minecraft:iron_ingot":16,"minecraft:bread":10,"minecraft:purple_terracotta":1,"minecraft:wheat_seeds":16,"minecraft:cooked_beef":1,"gobber2:gobber2_foo":1,"minecraft:iron_helmet":3,"minecraft:cobblestone":39,"minecraft:jungle_planks":26,"minecraft:sentry_armor_trim_smithing_template":6,"minecraft:coal":8,"minecraft:pufferfish":2,"minecraft:stick":3,"regions_unexplored:elephant_ear":3,"minecraft:jungle_button":2,"regions_unexplored:palm_sapling":91,"minecraft:iron_leggings":2,"minecraft:jungle_sapling":35,"minecraft:stonecutter":1,"minecraft:sand":204,"minecraft:string":12,"gobber2:gobber2_gooey_bread":1,"minecraft:redstone":14,"minecraft:bone":7,"minecraft:goat_horn":3,"relics:hunter_belt":1,"minecraft:obsidian":6,"minecraft:experience_bottle":3,"minecraft:rotten_flesh":6,"minecraft:iron_boots":2,"minecraft:white_bed":1,"minecraft:filled_map":2,"regions_unexplored:palm_shrub":3,"minecraft:gunpowder":5,"regions_unexplored:hibiscus":1,"minecraft:melon_seeds":5,"minecraft:golden_leggings":1,"minecraft:stone_bricks":1,"minecraft:sandstone":4,"minecraft:stone_pickaxe":1,"minecraft:wooden_pickaxe":1},"minecraft:killed":{"minecraft:witch":1,"minecraft:vindicator":1,"minecraft:spider":5,"minecraft:skeleton":7,"minecraft:chicken":8,"minecraft:rabbit":10,"minecraft:creeper":5,"minecraft:sheep":7,"minecraft:pillager":3,"minecraft:zombie":24,"creeperoverhaul:savannah_creeper":1,"minecraft:cow":8},"minecraft:custom":{"minecraft:mob_kills":85,"minecraft:interact_with_crafting_table":50,"minecraft:open_barrel":12,"minecraft:leave_game":3,"minecraft:time_since_death":13455,"minecraft:climb_one_cm":13205,"minecraft:sprint_one_cm":615242,"minecraft:damage_blocked_by_shield":3290,"minecraft:walk_one_cm":830397,"minecraft:drop":83,"minecraft:talked_to_villager":4,"minecraft:play_time":378420,"minecraft:deaths":5,"minecraft:sneak_time":21928,"minecraft:walk_under_water_one_cm":48867,"minecraft:boat_one_cm":657630,"minecraft:interact_with_lectern":5,"minecraft:jump":4097,"minecraft:interact_with_blast_furnace":45,"minecraft:walk_on_water_one_cm":27017,"minecraft:total_world_time":378420,"minecraft:interact_with_furnace":69,"minecraft:interact_with_stonecutter":2,"minecraft:sleep_in_bed":12,"minecraft:waystone_activated":3,"minecraft:time_since_rest":2313,"minecraft:damage_taken":6664,"minecraft:trigger_trapped_chest":5,"minecraft:damage_dealt":12237,"minecraft:swim_one_cm":98977,"minecraft:fly_one_cm":534617,"minecraft:open_chest":134,"minecraft:crouch_one_cm":73750,"minecraft:fall_one_cm":115062,"minecraft:interact_with_smoker":11,"minecraft:horse_one_cm":200814}},"DataVersion":3465}