{"stats":{"minecraft:crafted":{"minecraft:oak_planks":24,"minecraft:crafting_table":1,"minecraft:stick":4,"minecraft:wooden_pickaxe":1,"minecraft:stone_pickaxe":1},"minecraft:dropped":{"narutoto:gamayu_endan_scroll":1,"minecraft:cobbled_deepslate":2,"minecraft:crafting_table":1,"narutoto:asa_kujaku_scroll":1,"narutoto:daitoppa_scroll":1,"minecraft:rotten_flesh":3,"narutoto:retsudo_tensho_scroll":1,"narutoto:konoha_senpu_scroll":1,"narutoto:select_ninja":2,"narutoto:fireball_scroll":2,"narutoto:mizuranpa_scroll":1},"minecraft:picked_up":{"minecraft:crafting_table":1,"minecraft:stick":1,"minecraft:raw_iron":21,"narutoto:copper_coin":4,"minecraft:sand":4,"minecraft:oak_log":11,"narutoto:shuriken_item":1,"minecraft:gunpowder":2,"minecraft:dirt":39,"minecraft:string":6,"minecraft:moss_carpet":13,"narutoto:select_ninja":1,"minecraft:rotten_flesh":3,"waystones:waystone":1,"minecraft:cobbled_deepslate":2,"minecraft:oak_sapling":5,"minecraft:damaged_anvil":3,"minecraft:birch_sapling":2,"minecraft:coal":15,"minecraft:skeleton_skull":3,"minecraft:cobblestone":42},"minecraft:killed_by":{"narutoto:white_zetsu":1,"narutoto:sand_chunin":3,"narutoto:haku_npc":1,"narutoto:uchiha_npc_2":3,"minecraft:zombie":1},"minecraft:killed":{"narutoto:uchiha_npc_2":1,"minecraft:cow":1,"narutoto:white_zetsu":1},"minecraft:mined":{"minecraft:large_fern":1,"minecraft:iron_ore":19,"minecraft:fire":2,"minecraft:oak_log":6,"minecraft:coal_ore":15,"minecraft:deepslate_iron_ore":2,"minecraft:stone":41,"minecraft:damaged_anvil":3,"minecraft:deepslate":2},"minecraft:used":{"minecraft:stone_pickaxe":102,"minecraft:wooden_pickaxe":6,"minecraft:sand":4,"minecraft:crafting_table":1,"minecraft:book":2},"minecraft:custom":{"minecraft:time_since_rest":10110,"minecraft:sprint_one_cm":85215,"minecraft:damage_taken":4005,"minecraft:walk_one_cm":130782,"minecraft:mob_kills":4,"minecraft:drop":15,"minecraft:damage_dealt":442,"minecraft:swim_one_cm":31007,"minecraft:interact_with_crafting_table":2,"minecraft:fly_one_cm":177925,"minecraft:open_chest":13,"minecraft:crouch_one_cm":2625,"minecraft:play_time":32616,"minecraft:deaths":10,"minecraft:sneak_time":1934,"minecraft:walk_under_water_one_cm":17951,"minecraft:jump":761,"minecraft:leave_game":2,"minecraft:time_since_death":10015,"minecraft:walk_on_water_one_cm":14472,"minecraft:total_world_time":32616,"minecraft:fall_one_cm":29498}},"DataVersion":3465}