{"stats":{"minecraft:crafted":{"minecraft:oak_planks":44,"minecraft:crafting_table":1,"minecraft:stick":4,"minecraft:wooden_pickaxe":1,"minecraft:stone_pickaxe":1},"minecraft:dropped":{"narutoto:gamayu_endan_scroll":1,"minecraft:cobbled_deepslate":2,"minecraft:crafting_table":1,"narutoto:asa_kujaku_scroll":1,"narutoto:daitoppa_scroll":1,"minecraft:rotten_flesh":3,"narutoto:retsudo_tensho_scroll":1,"minecraft:sand":6,"narutoto:konoha_senpu_scroll":1,"narutoto:select_ninja":2,"minecraft:string":6,"narutoto:fireball_scroll":2,"narutoto:mizuranpa_scroll":1},"minecraft:picked_up":{"minecraft:crafting_table":1,"minecraft:stick":1,"minecraft:raw_iron":21,"minecraft:chicken":1,"narutoto:copper_coin":4,"minecraft:sand":15,"minecraft:oak_log":11,"narutoto:shuriken_item":1,"minecraft:gunpowder":2,"minecraft:dirt":42,"minecraft:string":6,"minecraft:moss_carpet":14,"narutoto:select_ninja":1,"minecraft:rotten_flesh":3,"waystones:waystone":1,"minecraft:cobbled_deepslate":2,"minecraft:white_wool":4,"minecraft:mutton":5,"minecraft:oak_sapling":5,"minecraft:damaged_anvil":3,"minecraft:birch_sapling":2,"minecraft:coal":23,"minecraft:skeleton_skull":3,"minecraft:cobblestone":44},"minecraft:killed_by":{"narutoto:white_zetsu":1,"narutoto:sand_chunin":3,"narutoto:haku_npc":1,"narutoto:chunin_npc":1,"narutoto:uchiha_npc_2":6,"minecraft:zombie":1},"minecraft:broken":{"minecraft:stone_pickaxe":1},"minecraft:killed":{"narutoto:uchiha_npc_2":1,"minecraft:cow":1,"narutoto:white_zetsu":1},"minecraft:mined":{"minecraft:large_fern":1,"minecraft:iron_ore":19,"minecraft:fire":2,"minecraft:grass_block":3,"minecraft:oak_log":6,"minecraft:coal_ore":23,"minecraft:deepslate_iron_ore":2,"minecraft:stone":43,"minecraft:damaged_anvil":3,"minecraft:deepslate":2},"minecraft:used":{"minecraft:chicken":1,"minecraft:stone_pickaxe":112,"minecraft:wooden_pickaxe":6,"minecraft:mutton":3,"minecraft:sand":9,"minecraft:cobblestone":12,"minecraft:crafting_table":1,"minecraft:book":2},"minecraft:custom":{"minecraft:time_since_rest":2645,"minecraft:sprint_one_cm":104521,"minecraft:damage_taken":5440,"minecraft:walk_one_cm":193174,"minecraft:mob_kills":4,"minecraft:drop":17,"minecraft:damage_dealt":447,"minecraft:swim_one_cm":34794,"minecraft:interact_with_crafting_table":2,"minecraft:fly_one_cm":269837,"minecraft:open_chest":15,"minecraft:crouch_one_cm":4318,"minecraft:play_time":44616,"minecraft:deaths":15,"minecraft:sneak_time":2279,"minecraft:walk_under_water_one_cm":37242,"minecraft:jump":1063,"minecraft:leave_game":2,"minecraft:time_since_death":2620,"minecraft:walk_on_water_one_cm":17893,"minecraft:total_world_time":44616,"minecraft:fall_one_cm":33609}},"DataVersion":3465}