{"stats":{"minecraft:mined":{"regions_unexplored:palm_shrub":3,"minecraft:white_bed":1,"expore:exp_ore":4,"minecraft:dandelion":2,"minecraft:powder_snow":2,"minecraft:crafting_table":1,"minecraft:blast_furnace":1,"minecraft:emerald_ore":2,"regions_unexplored:silt_dirt":15,"minecraft:chest":2,"minecraft:jungle_log":125,"regions_unexplored:elephant_ear":31,"minecraft:spruce_leaves":5,"biomesoplenty:huge_clover_petal":1,"minecraft:spawner":1,"regions_unexplored:flowering_leaves":13,"minecraft:large_fern":2,"minecraft:tall_seagrass":1,"minecraft:purple_bed":1,"minecraft:furnace":1,"minecraft:iron_ore":72,"minecraft:acacia_wood":2,"regions_unexplored:hibiscus":2,"minecraft:spruce_log":22,"minecraft:grass":78,"minecraft:bookshelf":6,"minecraft:oak_log":2,"minecraft:coal_ore":35,"regions_unexplored:palm_log":175,"minecraft:stone":86,"regions_unexplored:silt_grass_block":112,"minecraft:oak_leaves":34,"minecraft:fern":1},"minecraft:crafted":{"regions_unexplored:palm_planks":32,"minecraft:crafting_table":2,"minecraft:spruce_planks":88,"minecraft:wooden_pickaxe":1,"minecraft:cooked_chicken":8,"minecraft:furnace":1,"minecraft:jungle_planks":32,"minecraft:cooked_mutton":26,"minecraft:air":0,"jeg:scrap_block":1,"minecraft:iron_chestplate":1,"jeg:scrap_workbench":1,"minecraft:shield":1,"minecraft:iron_axe":2,"minecraft:stick":8,"minecraft:iron_ingot":18,"minecraft:iron_pickaxe":1,"minecraft:stone_pickaxe":1,"minecraft:iron_shovel":1,"minecraft:acacia_planks":8,"minecraft:cooked_rabbit":3},"minecraft:picked_up":{"regions_unexplored:hibiscus":2,"minecraft:crafting_table":1,"minecraft:feather":8,"minecraft:chicken":8,"minecraft:leather":3,"minecraft:jungle_log":122,"regions_unexplored:silt_dirt":138,"minecraft:acacia_wood":2,"minecraft:oak_log":2,"regions_unexplored:palm_shrub":2,"minecraft:bone":6,"minecraft:bow":1,"minecraft:wheat_seeds":7,"minecraft:rabbit_hide":1,"minecraft:beef":4,"minecraft:jungle_sapling":30,"minecraft:rabbit":3,"minecraft:chest":2,"minecraft:furnace":1,"minecraft:egg":7,"minecraft:book":18,"minecraft:stick":132,"regions_unexplored:palm_sapling":60,"minecraft:raw_iron":71,"minecraft:music_disc_13":1,"regions_unexplored:elephant_ear":25,"minecraft:dandelion":1,"minecraft:spruce_sapling":2,"regions_unexplored:palm_log":165,"minecraft:blast_furnace":1,"minecraft:white_bed":1,"minecraft:spruce_log":22,"minecraft:arrow":4,"minecraft:purple_bed":1,"minecraft:rotten_flesh":15,"waystones:waystone":1,"regions_unexplored:flowering_sapling":1,"minecraft:emerald":2,"minecraft:netherrack":12,"minecraft:oak_sapling":6,"minecraft:black_wool":2,"minecraft:melon_seeds":2,"minecraft:mutton":16,"minecraft:coal":40,"minecraft:white_wool":5,"minecraft:cobblestone":86},"minecraft:broken":{"minecraft:iron_axe":1},"minecraft:used":{"minecraft:iron_shovel":154,"minecraft:stone_pickaxe":52,"minecraft:wooden_pickaxe":30,"minecraft:chest":2,"minecraft:shield":141,"minecraft:iron_sword":61,"minecraft:cooked_chicken":6,"minecraft:rotten_flesh":4,"minecraft:netherrack":5,"minecraft:mutton":3,"minecraft:crafting_table":3,"minecraft:blast_furnace":1,"waystones:waystone":1,"regions_unexplored:palm_planks":32,"minecraft:iron_axe":403,"minecraft:bread":18,"minecraft:iron_pickaxe":139,"minecraft:spruce_sapling":2,"jeg:scrap_workbench":1,"minecraft:purple_bed":1,"minecraft:furnace":2,"minecraft:cooked_rabbit":3,"minecraft:dandelion":1,"minecraft:acacia_planks":3,"regions_unexplored:silt_dirt":97},"minecraft:dropped":{"minecraft:iron_ingot":10,"minecraft:wheat_seeds":7,"minecraft:obsidian":4,"minecraft:rotten_flesh":5,"minecraft:white_bed":1,"minecraft:stick":1,"regions_unexplored:palm_shrub":1,"minecraft:gunpowder":5,"regions_unexplored:hibiscus":1,"minecraft:golden_leggings":1,"minecraft:stone_pickaxe":1,"minecraft:wooden_pickaxe":1,"minecraft:string":7},"minecraft:killed":{"minecraft:rabbit":2,"minecraft:skeleton":3,"minecraft:sheep":7,"minecraft:zombie":14,"minecraft:chicken":8,"minecraft:cow":2},"minecraft:custom":{"minecraft:interact_with_furnace":33,"minecraft:mob_kills":39,"minecraft:interact_with_crafting_table":13,"minecraft:leave_game":2,"minecraft:time_since_death":4806,"minecraft:sleep_in_bed":3,"minecraft:climb_one_cm":2837,"minecraft:waystone_activated":1,"minecraft:time_since_rest":4840,"minecraft:sprint_one_cm":147978,"minecraft:damage_taken":2057,"minecraft:walk_one_cm":265823,"minecraft:damage_blocked_by_shield":2600,"minecraft:drop":15,"minecraft:damage_dealt":4214,"minecraft:swim_one_cm":37351,"minecraft:talked_to_villager":3,"minecraft:fly_one_cm":134972,"minecraft:open_chest":34,"minecraft:crouch_one_cm":11508,"minecraft:play_time":107366,"minecraft:deaths":2,"minecraft:sneak_time":4426,"minecraft:walk_under_water_one_cm":9022,"minecraft:jump":1184,"minecraft:interact_with_blast_furnace":16,"minecraft:walk_on_water_one_cm":8861,"minecraft:total_world_time":107366,"minecraft:fall_one_cm":27509,"minecraft:horse_one_cm":200784}},"DataVersion":3465}