{"stats":{"minecraft:crafted":{"minecraft:jungle_button":5,"regions_unexplored:baobab_planks":188,"minecraft:oak_planks":32,"minecraft:smooth_stone":4,"minecraft:cooked_chicken":8,"minecraft:stone":131,"waystones:warp_plate":1,"minecraft:lever":2,"create:schematicannon":1,"minecraft:cooked_mutton":26,"minecraft:glass":104,"create:mechanical_press":1,"minecraft:chest":13,"minecraft:jungle_stairs":32,"minecraft:stone_bricks":80,"minecraft:cooked_rabbit":12,"regions_unexplored:palm_boat":1,"regions_unexplored:palm_planks":360,"minecraft:crafting_table":5,"minecraft:spruce_planks":144,"minecraft:jungle_boat":1,"minecraft:wooden_pickaxe":1,"minecraft:gold_block":2,"create:encased_fan":1,"minecraft:spruce_trapdoor":4,"minecraft:iron_chestplate":1,"minecraft:charcoal":64,"minecraft:yellow_dye":3,"minecraft:shield":1,"minecraft:stick":52,"minecraft:iron_ingot":56,"minecraft:iron_pickaxe":3,"minecraft:iron_block":3,"minecraft:gold_ingot":38,"create:propeller":1,"minecraft:shears":1,"minecraft:oak_door":3,"minecraft:coal":9,"minecraft:iron_nugget":18,"minecraft:furnace":2,"minecraft:spruce_fence":48,"minecraft:diamond":9,"minecraft:spruce_stairs":20,"jeg:scrap_workbench":1,"minecraft:iron_axe":5,"minecraft:stone_pickaxe":1,"minecraft:cooked_beef":4,"minecraft:cooked_cod":10,"create:andesite_alloy":6,"create:hand_crank":1,"minecraft:iron_sword":1,"minecraft:golden_shovel":1,"minecraft:jungle_planks":568,"minecraft:air":0,"jeg:scrap_block":1,"regions_unexplored:palm_button":3,"minecraft:iron_shovel":3,"minecraft:stonecutter":1,"waystones:warp_dust":8,"create:shaft":8,"minecraft:acacia_planks":8,"minecraft:torch":32},"minecraft:mined":{"regions_unexplored:palm_shrub":5,"minecraft:spruce_planks":3,"minecraft:white_bed":1,"create:andesite_casing":2,"minecraft:spruce_trapdoor":3,"minecraft:budding_amethyst":1,"minecraft:jungle_log":290,"gobber2:gobber2_lucky_block":8,"minecraft:oak_pressure_plate":2,"minecraft:coal_block":1,"regions_unexplored:elephant_ear":50,"minecraft:spawner":11,"regions_unexplored:flowering_leaves":33,"minecraft:tall_seagrass":1,"minecraft:glowstone":1,"minecraft:iron_ore":110,"minecraft:fire":9,"minecraft:smooth_sandstone_stairs":1,"regions_unexplored:silt_grass_block":280,"create:mechanical_press":1,"minecraft:spruce_slab":1,"minecraft:green_bed":2,"minecraft:tripwire":5,"minecraft:jungle_button":1,"expore:exp_ore":16,"minecraft:smoker":1,"minecraft:powder_snow":2,"regions_unexplored:palm_leaves":23,"minecraft:jungle_stairs":3,"regions_unexplored:bladed_tall_grass":2,"minecraft:blast_furnace":4,"minecraft:chest":7,"minecraft:dead_bush":1,"minecraft:cobblestone":9,"minecraft:oak_planks":1,"minecraft:seagrass":1,"minecraft:red_candle":2,"regions_unexplored:hibiscus":4,"minecraft:tnt":10,"regions_unexplored:palm_planks":39,"minecraft:copper_block":2,"minecraft:grass":87,"minecraft:oak_log":8,"create:hand_crank":2,"minecraft:sand":239,"minecraft:crimson_planks":1,"minecraft:smooth_basalt":1,"minecraft:dispenser":1,"minecraft:stonecutter":1,"minecraft:oak_leaves":131,"minecraft:red_carpet":1,"minecraft:oak_door":2,"minecraft:lever":1,"minecraft:purple_terracotta":1,"minecraft:spruce_fence":1,"minecraft:jungle_planks":50,"minecraft:spruce_leaves":5,"minecraft:large_fern":6,"minecraft:hay_block":35,"regions_unexplored:baobab_log":48,"minecraft:redstone_ore":12,"minecraft:furnace":1,"minecraft:acacia_wood":2,"minecraft:suspicious_sand":5,"minecraft:gold_block":2,"minecraft:bookshelf":6,"minecraft:vine":6,"minecraft:stripped_jungle_log":1,"regions_unexplored:medium_grass":1,"minecraft:cut_copper":3,"minecraft:stone":283,"regions_unexplored:palm_beard":4,"regions_unexplored:redstone_bulb":2,"waystones:warp_plate":1,"jeg:scrap_ore":19,"minecraft:dandelion":2,"minecraft:smooth_sandstone":2,"minecraft:crafting_table":1,"minecraft:emerald_ore":2,"regions_unexplored:silt_dirt":61,"minecraft:tall_grass":1,"biomesoplenty:huge_clover_petal":1,"minecraft:spruce_stairs":1,"minecraft:purple_bed":1,"minecraft:trapped_chest":1,"regions_unexplored:redstone_bud":1,"minecraft:spruce_log":22,"minecraft:coal_ore":73,"regions_unexplored:palm_log":507,"minecraft:stone_bricks":43,"minecraft:fern":2},"minecraft:picked_up":{"regions_unexplored:hibiscus":9,"minecraft:wheat":19,"minecraft:sentry_armor_trim_smithing_template":8,"regions_unexplored:silt_dirt":759,"minecraft:enchanted_book":3,"regions_unexplored:palm_shrub":5,"minecraft:crimson_planks":1,"minecraft:music_disc_cat":1,"minecraft:string":37,"waystones:warp_plate":1,"minecraft:iron_leggings":1,"minecraft:red_candle":3,"minecraft:experience_bottle":2,"minecraft:gold_nugget":7,"create:mechanical_press":1,"minecraft:spruce_planks":67,"minecraft:coal_block":1,"minecraft:iron_boots":1,"minecraft:furnace":1,"minecraft:stick":477,"regions_unexplored:elephant_ear":79,"minecraft:green_bed":2,"create:andesite_casing":2,"minecraft:torch":2,"minecraft:spruce_stairs":1,"minecraft:porkchop":1,"minecraft:goat_horn":1,"gobber2:gobber2_foo":3,"minecraft:cactus":3,"minecraft:rotten_flesh":50,"minecraft:vex_armor_trim_smithing_template":1,"minecraft:obsidian":1,"minecraft:cobblestone":314,"minecraft:feather":8,"minecraft:cooked_beef":5,"minecraft:andesite":12,"minecraft:jungle_log":355,"minecraft:copper_block":2,"minecraft:smoker":1,"minecraft:potato":6,"regions_unexplored:palm_boat":7,"minecraft:flint":9,"minecraft:smooth_sandstone_stairs":1,"jeg:scrap":60,"minecraft:name_tag":1,"minecraft:glass":40,"minecraft:bone":27,"minecraft:acacia_planks":12,"minecraft:stonecutter":2,"minecraft:bow":2,"gobber2:gobber2_gooey_beef":9,"minecraft:wheat_seeds":16,"regions_unexplored:baobab_sapling":1,"minecraft:rabbit":13,"minecraft:glowstone_dust":8,"minecraft:oak_planks":7,"gobber2:gobber2_gooey_bread":3,"regions_unexplored:palm_sapling":151,"minecraft:music_disc_13":1,"minecraft:oak_pressure_plate":3,"minecraft:jungle_planks":71,"minecraft:sand":609,"regions_unexplored:palm_log":489,"regions_unexplored:palm_button":2,"minecraft:trapped_chest":1,"minecraft:orange_wool":2,"minecraft:dispenser":1,"minecraft:diamond":35,"minecraft:lever":2,"waystones:waystone":3,"minecraft:crossbow":4,"minecraft:golden_apple":2,"minecraft:spruce_sign":2,"minecraft:emerald":55,"minecraft:oak_sapling":24,"regions_unexplored:baobab_log":47,"minecraft:netherrack":12,"regions_unexplored:flowering_sapling":9,"gobber2:gobber2_goo":1,"minecraft:oak_leaves":58,"minecraft:crafting_table":1,"minecraft:chicken":8,"minecraft:gold_block":2,"minecraft:compass":1,"minecraft:iron_shovel":3,"minecraft:beef":15,"minecraft:jungle_sapling":65,"minecraft:iron_nugget":6,"minecraft:spruce_slab":1,"minecraft:chest":10,"minecraft:spruce_trapdoor":3,"minecraft:diamond_hoe":1,"minecraft:egg":9,"minecraft:raw_iron":109,"minecraft:sandstone":17,"minecraft:oak_door":2,"minecraft:copper_ingot":15,"create:hand_crank":2,"minecraft:carrot":36,"minecraft:redstone":201,"minecraft:purple_terracotta":1,"minecraft:tnt":10,"minecraft:arrow":20,"regions_unexplored:redstone_bulb":7,"minecraft:jungle_stairs":31,"minecraft:cut_copper":3,"minecraft:hay_block":35,"minecraft:saddle":3,"minecraft:gold_ingot":71,"minecraft:mutton":17,"minecraft:white_wool":11,"create:iron_sheet":5,"regions_unexplored:flowering_leaves":15,"regions_unexplored:palm_planks":39,"minecraft:tripwire_hook":8,"minecraft:leather":16,"minecraft:acacia_wood":2,"minecraft:oak_log":10,"regions_unexplored:palm_leaves":2,"minecraft:jungle_button":2,"minecraft:gunpowder":12,"minecraft:white_banner":4,"jeg:grenade":2,"minecraft:coast_armor_trim_smithing_template":4,"minecraft:smooth_sandstone":2,"minecraft:red_carpet":1,"minecraft:apple":2,"minecraft:stone_bricks":43,"minecraft:rabbit_hide":1,"minecraft:iron_ingot":25,"jeg:double_barrel_shotgun":1,"jeg:tech_trash":2,"minecraft:book":36,"minecraft:smooth_basalt":1,"minecraft:dandelion":1,"minecraft:amethyst_shard":2,"minecraft:spruce_sapling":2,"minecraft:blast_furnace":4,"minecraft:white_bed":1,"minecraft:spruce_log":22,"minecraft:spider_eye":5,"jeg:handmade_shell":20,"minecraft:stripped_jungle_log":1,"minecraft:purple_bed":1,"minecraft:iron_helmet":1,"minecraft:black_wool":2,"minecraft:melon_seeds":2,"minecraft:coal":80},"minecraft:broken":{"minecraft:iron_shovel":2,"minecraft:golden_shovel":1,"minecraft:iron_sword":1,"minecraft:shield":1,"minecraft:iron_axe":3,"minecraft:iron_pickaxe":2},"minecraft:used":{"gobber2:gobber2_goo":1,"minecraft:iron_shovel":581,"minecraft:spruce_slab":1,"gobber2:gobber2_gooey_bread":2,"minecraft:chest":22,"minecraft:shield":172,"minecraft:stone":14,"minecraft:iron_sword":314,"minecraft:rotten_flesh":4,"minecraft:mutton":3,"minecraft:jungle_planks":359,"jeg:grenade":2,"minecraft:iron_helmet":1,"minecraft:stone_bricks":140,"minecraft:red_carpet":1,"minecraft:hay_block":1,"minecraft:jungle_button":5,"minecraft:furnace":3,"minecraft:cooked_cod":10,"minecraft:egg":2,"regions_unexplored:redstone_bulb":3,"minecraft:stone_pickaxe":52,"minecraft:oak_planks":2,"minecraft:cactus":3,"minecraft:wooden_pickaxe":30,"minecraft:jungle_boat":1,"minecraft:oak_leaves":37,"minecraft:golden_apple":2,"minecraft:sand":2,"minecraft:blast_furnace":3,"minecraft:shears":87,"waystones:waystone":3,"regions_unexplored:palm_planks":296,"minecraft:bread":25,"minecraft:oak_pressure_plate":2,"minecraft:diamond_sword":105,"minecraft:cooked_rabbit":12,"minecraft:experience_bottle":72,"regions_unexplored:palm_boat":6,"minecraft:cooked_chicken":8,"minecraft:netherrack":5,"minecraft:oak_door":4,"minecraft:torch":32,"minecraft:spruce_stairs":11,"minecraft:golden_shovel":32,"minecraft:spruce_fence":28,"minecraft:iron_axe":1105,"minecraft:jungle_log":109,"regions_unexplored:elephant_ear":1,"minecraft:crimson_planks":1,"jeg:double_barrel_shotgun":20,"minecraft:beef":8,"waystones:warp_plate":2,"minecraft:goat_horn":2,"minecraft:cooked_beef":7,"minecraft:acacia_planks":3,"minecraft:cooked_mutton":26,"minecraft:spruce_sign":1,"minecraft:stonecutter":2,"minecraft:green_bed":2,"minecraft:tnt":10,"minecraft:crafting_table":6,"create:schematicannon":1,"minecraft:smoker":1,"minecraft:oak_log":1,"regions_unexplored:palm_log":399,"minecraft:apple":2,"create:mechanical_press":2,"minecraft:stripped_jungle_log":1,"regions_unexplored:baobab_planks":69,"minecraft:iron_pickaxe":571,"minecraft:jungle_stairs":7,"minecraft:spruce_trapdoor":6,"minecraft:spruce_sapling":2,"jeg:scrap_workbench":1,"minecraft:cobblestone":54,"minecraft:purple_bed":1,"minecraft:white_banner":3,"minecraft:cooked_porkchop":7,"regions_unexplored:palm_button":2,"create:hand_crank":3,"minecraft:dandelion":1,"regions_unexplored:silt_dirt":660},"minecraft:dropped":{"minecraft:spruce_sign":1,"minecraft:porkchop":1,"minecraft:oak_pressure_plate":1,"minecraft:cooked_beef":1,"minecraft:crossbow":2,"minecraft:jungle_planks":26,"minecraft:saddle":2,"minecraft:sentry_armor_trim_smithing_template":6,"minecraft:gold_block":2,"regions_unexplored:elephant_ear":3,"minecraft:jungle_button":2,"regions_unexplored:palm_sapling":91,"minecraft:jungle_sapling":35,"minecraft:sand":332,"gobber2:gobber2_gooey_bread":1,"regions_unexplored:redstone_bulb":2,"minecraft:bone":7,"minecraft:goat_horn":3,"minecraft:lever":1,"minecraft:obsidian":6,"minecraft:rotten_flesh":6,"minecraft:white_bed":1,"regions_unexplored:palm_shrub":4,"minecraft:gunpowder":5,"minecraft:melon_seeds":5,"minecraft:jungle_log":12,"minecraft:chest":1,"minecraft:enchanted_book":1,"minecraft:iron_ingot":22,"minecraft:bread":10,"minecraft:purple_terracotta":1,"minecraft:wheat_seeds":16,"gobber2:gobber2_foo":1,"minecraft:iron_helmet":3,"minecraft:cobblestone":39,"minecraft:coal":8,"minecraft:stick":3,"minecraft:pufferfish":2,"minecraft:iron_leggings":3,"minecraft:stonecutter":1,"minecraft:iron_shovel":2,"minecraft:string":12,"minecraft:acacia_planks":8,"waystones:attuned_shard":1,"minecraft:redstone":129,"relics:hunter_belt":1,"gobber2:gobber2_gooey_beef":3,"minecraft:experience_bottle":3,"minecraft:iron_boots":3,"minecraft:filled_map":2,"regions_unexplored:hibiscus":1,"minecraft:iron_chestplate":1,"minecraft:golden_leggings":1,"minecraft:oak_sapling":6,"minecraft:spider_eye":2,"minecraft:stone_bricks":1,"minecraft:sandstone":4,"minecraft:stone_pickaxe":1,"minecraft:wooden_pickaxe":1},"minecraft:killed":{"minecraft:cave_spider":7,"minecraft:witch":1,"minecraft:spider":15,"minecraft:skeleton":10,"minecraft:chicken":8,"minecraft:pig":1,"minecraft:creeper":7,"minecraft:sheep":8,"minecraft:pillager":9,"minecraft:zombie":25,"minecraft:cow":9,"minecraft:vindicator":3,"minecraft:rabbit":10,"minecraft:wither_skeleton":6,"creeperoverhaul:savannah_creeper":1},"minecraft:custom":{"minecraft:interact_with_crafting_table":67,"minecraft:open_barrel":13,"minecraft:bell_ring":1,"minecraft:leave_game":4,"minecraft:time_since_death":16266,"minecraft:sprint_one_cm":783650,"minecraft:damage_blocked_by_shield":3310,"minecraft:drop":121,"minecraft:talked_to_villager":9,"minecraft:play_time":464099,"minecraft:deaths":6,"minecraft:jump":4982,"minecraft:walk_on_water_one_cm":32564,"minecraft:interact_with_furnace":73,"minecraft:sleep_in_bed":17,"minecraft:waystone_activated":3,"minecraft:damage_dealt":20991,"minecraft:crouch_one_cm":86042,"minecraft:interact_with_smoker":15,"minecraft:horse_one_cm":200814,"minecraft:mob_kills":126,"minecraft:damage_dealt_resisted":695,"minecraft:climb_one_cm":17653,"minecraft:walk_one_cm":1047901,"minecraft:raid_win":1,"minecraft:sneak_time":24735,"minecraft:walk_under_water_one_cm":51223,"minecraft:boat_one_cm":657630,"minecraft:interact_with_lectern":5,"minecraft:interact_with_blast_furnace":58,"minecraft:total_world_time":464099,"minecraft:raid_trigger":1,"minecraft:interact_with_stonecutter":4,"minecraft:time_since_rest":11537,"minecraft:damage_taken":8379,"minecraft:damage_absorbed":79,"minecraft:trigger_trapped_chest":6,"minecraft:swim_one_cm":122734,"minecraft:fly_one_cm":661737,"minecraft:open_chest":190,"minecraft:fall_one_cm":140829}},"DataVersion":3465}