{"stats":{"minecraft:mined":{"regions_unexplored:palm_shrub":4,"minecraft:spruce_planks":3,"minecraft:white_bed":1,"minecraft:oak_door":2,"minecraft:spruce_trapdoor":2,"minecraft:purple_terracotta":1,"minecraft:jungle_planks":49,"gobber2:gobber2_lucky_block":8,"minecraft:jungle_log":289,"minecraft:coal_block":1,"regions_unexplored:elephant_ear":37,"minecraft:spruce_leaves":5,"minecraft:spawner":2,"regions_unexplored:flowering_leaves":30,"minecraft:large_fern":6,"minecraft:hay_block":34,"minecraft:tall_seagrass":1,"minecraft:redstone_ore":12,"minecraft:glowstone":1,"minecraft:furnace":1,"minecraft:iron_ore":110,"minecraft:fire":9,"minecraft:acacia_wood":2,"minecraft:gold_block":2,"minecraft:bookshelf":6,"minecraft:vine":6,"regions_unexplored:medium_grass":1,"minecraft:stone":199,"regions_unexplored:silt_grass_block":206,"minecraft:spruce_slab":1,"regions_unexplored:palm_beard":4,"minecraft:tripwire":4,"regions_unexplored:redstone_bulb":2,"minecraft:jungle_button":1,"jeg:scrap_ore":18,"expore:exp_ore":16,"minecraft:smoker":1,"minecraft:dandelion":2,"minecraft:powder_snow":2,"minecraft:crafting_table":1,"regions_unexplored:palm_leaves":6,"minecraft:jungle_stairs":3,"regions_unexplored:bladed_tall_grass":2,"minecraft:blast_furnace":2,"minecraft:emerald_ore":2,"regions_unexplored:silt_dirt":16,"minecraft:chest":2,"minecraft:tall_grass":1,"minecraft:cobblestone":8,"biomesoplenty:huge_clover_petal":1,"minecraft:seagrass":1,"minecraft:spruce_stairs":1,"minecraft:purple_bed":1,"minecraft:red_candle":1,"regions_unexplored:redstone_bud":1,"regions_unexplored:hibiscus":4,"minecraft:spruce_log":22,"minecraft:tnt":4,"regions_unexplored:palm_planks":35,"minecraft:grass":84,"minecraft:oak_log":3,"minecraft:coal_ore":73,"regions_unexplored:palm_log":504,"minecraft:sand":103,"minecraft:crimson_planks":1,"minecraft:dispenser":1,"minecraft:stonecutter":1,"minecraft:stone_bricks":28,"minecraft:oak_leaves":109,"minecraft:fern":2},"minecraft:crafted":{"minecraft:jungle_button":5,"minecraft:oak_door":3,"minecraft:oak_planks":12,"minecraft:coal":9,"minecraft:cooked_chicken":8,"minecraft:furnace":2,"minecraft:stone":94,"minecraft:lever":2,"minecraft:spruce_fence":48,"minecraft:cooked_mutton":26,"minecraft:spruce_stairs":20,"jeg:scrap_workbench":1,"minecraft:iron_axe":4,"minecraft:stone_pickaxe":1,"minecraft:jungle_stairs":32,"minecraft:stone_bricks":80,"regions_unexplored:palm_boat":1,"minecraft:cooked_rabbit":3,"minecraft:cooked_beef":4,"regions_unexplored:palm_planks":348,"minecraft:crafting_table":3,"minecraft:spruce_planks":144,"minecraft:jungle_boat":1,"minecraft:wooden_pickaxe":1,"minecraft:golden_shovel":1,"minecraft:air":0,"jeg:scrap_block":1,"minecraft:jungle_planks":344,"minecraft:spruce_trapdoor":4,"minecraft:iron_chestplate":1,"minecraft:yellow_dye":3,"minecraft:charcoal":64,"minecraft:shield":1,"minecraft:stick":44,"minecraft:iron_ingot":22,"minecraft:iron_pickaxe":2,"minecraft:iron_shovel":2,"minecraft:gold_ingot":18,"minecraft:acacia_planks":8,"minecraft:torch":12,"minecraft:shears":1},"minecraft:picked_up":{"regions_unexplored:hibiscus":4,"minecraft:crafting_table":1,"minecraft:chicken":8,"minecraft:sentry_armor_trim_smithing_template":4,"regions_unexplored:silt_dirt":233,"minecraft:gold_block":2,"minecraft:crimson_planks":1,"regions_unexplored:palm_shrub":4,"minecraft:music_disc_cat":1,"minecraft:string":5,"minecraft:iron_leggings":1,"minecraft:experience_bottle":2,"minecraft:spruce_planks":3,"minecraft:beef":15,"minecraft:jungle_sapling":65,"minecraft:spruce_slab":1,"minecraft:coal_block":1,"minecraft:chest":2,"minecraft:spruce_trapdoor":2,"minecraft:iron_boots":1,"minecraft:diamond_hoe":1,"minecraft:egg":7,"minecraft:furnace":1,"minecraft:stick":319,"minecraft:raw_iron":109,"minecraft:oak_door":2,"regions_unexplored:elephant_ear":33,"minecraft:torch":2,"minecraft:spruce_stairs":1,"minecraft:redstone":57,"minecraft:goat_horn":1,"minecraft:purple_terracotta":1,"gobber2:gobber2_foo":2,"minecraft:tnt":4,"minecraft:arrow":8,"minecraft:rotten_flesh":22,"regions_unexplored:redstone_bulb":3,"minecraft:vex_armor_trim_smithing_template":1,"minecraft:jungle_stairs":3,"minecraft:hay_block":34,"minecraft:gold_ingot":7,"minecraft:obsidian":1,"minecraft:mutton":16,"minecraft:white_wool":5,"minecraft:cobblestone":229,"minecraft:cooked_beef":1,"minecraft:feather":8,"regions_unexplored:flowering_leaves":15,"regions_unexplored:palm_planks":35,"minecraft:jungle_log":266,"minecraft:leather":9,"minecraft:smoker":1,"minecraft:acacia_wood":2,"regions_unexplored:palm_boat":5,"minecraft:flint":9,"minecraft:oak_log":3,"regions_unexplored:palm_leaves":2,"minecraft:jungle_button":1,"jeg:scrap":38,"minecraft:gunpowder":5,"minecraft:bone":7,"minecraft:stone_bricks":28,"minecraft:stonecutter":2,"minecraft:bow":1,"gobber2:gobber2_gooey_beef":3,"minecraft:wheat_seeds":16,"minecraft:rabbit_hide":1,"minecraft:iron_ingot":24,"minecraft:rabbit":12,"minecraft:glowstone_dust":4,"jeg:double_barrel_shotgun":1,"gobber2:gobber2_gooey_bread":3,"jeg:tech_trash":2,"minecraft:book":18,"regions_unexplored:palm_sapling":151,"minecraft:music_disc_13":1,"minecraft:dandelion":1,"minecraft:sand":141,"minecraft:jungle_planks":70,"minecraft:spruce_sapling":2,"regions_unexplored:palm_log":486,"minecraft:blast_furnace":2,"minecraft:white_bed":1,"minecraft:spruce_log":22,"jeg:handmade_shell":10,"minecraft:dispenser":1,"minecraft:purple_bed":1,"waystones:waystone":3,"minecraft:iron_helmet":1,"gobber2:gobber2_goo":1,"minecraft:golden_apple":1,"minecraft:emerald":3,"minecraft:melon_seeds":2,"minecraft:oak_sapling":6,"minecraft:netherrack":12,"minecraft:black_wool":2,"minecraft:oak_leaves":58,"minecraft:coal":78,"regions_unexplored:flowering_sapling":1},"minecraft:broken":{"minecraft:iron_shovel":1,"minecraft:golden_shovel":1,"minecraft:iron_axe":3,"minecraft:iron_sword":1,"minecraft:iron_pickaxe":1},"minecraft:used":{"gobber2:gobber2_goo":1,"minecraft:iron_shovel":320,"minecraft:spruce_slab":1,"gobber2:gobber2_gooey_bread":2,"minecraft:chest":2,"minecraft:shield":165,"minecraft:stone":14,"minecraft:iron_sword":227,"minecraft:cooked_chicken":8,"minecraft:rotten_flesh":4,"minecraft:netherrack":5,"minecraft:oak_door":4,"minecraft:torch":12,"minecraft:mutton":3,"minecraft:jungle_planks":222,"minecraft:spruce_stairs":11,"minecraft:golden_shovel":32,"minecraft:spruce_fence":28,"minecraft:iron_axe":1033,"minecraft:jungle_log":107,"minecraft:iron_helmet":1,"regions_unexplored:elephant_ear":1,"minecraft:crimson_planks":1,"minecraft:stone_bricks":105,"jeg:double_barrel_shotgun":4,"minecraft:hay_block":1,"minecraft:beef":8,"minecraft:jungle_button":3,"minecraft:goat_horn":1,"minecraft:furnace":3,"minecraft:cooked_beef":3,"minecraft:acacia_planks":3,"minecraft:cooked_mutton":26,"regions_unexplored:redstone_bulb":3,"minecraft:stone_pickaxe":52,"minecraft:wooden_pickaxe":30,"minecraft:stonecutter":1,"minecraft:jungle_boat":1,"minecraft:oak_leaves":37,"minecraft:sand":2,"minecraft:tnt":2,"minecraft:crafting_table":4,"minecraft:blast_furnace":1,"minecraft:shears":87,"minecraft:smoker":1,"waystones:waystone":2,"regions_unexplored:palm_log":399,"regions_unexplored:palm_planks":181,"minecraft:bread":25,"minecraft:iron_pickaxe":447,"minecraft:spruce_trapdoor":6,"minecraft:jungle_stairs":7,"minecraft:spruce_sapling":2,"jeg:scrap_workbench":1,"minecraft:cobblestone":51,"minecraft:purple_bed":1,"minecraft:cooked_rabbit":3,"minecraft:experience_bottle":10,"regions_unexplored:palm_boat":6,"minecraft:dandelion":1,"regions_unexplored:silt_dirt":192},"minecraft:dropped":{"minecraft:enchanted_book":1,"minecraft:iron_ingot":16,"minecraft:bread":10,"minecraft:purple_terracotta":1,"minecraft:wheat_seeds":16,"gobber2:gobber2_foo":1,"minecraft:cooked_beef":1,"minecraft:iron_helmet":3,"minecraft:cobblestone":25,"minecraft:jungle_planks":26,"minecraft:sentry_armor_trim_smithing_template":6,"minecraft:coal":8,"minecraft:pufferfish":2,"minecraft:stick":3,"regions_unexplored:elephant_ear":3,"regions_unexplored:palm_sapling":91,"minecraft:iron_leggings":2,"minecraft:jungle_sapling":35,"minecraft:stonecutter":1,"minecraft:sand":140,"minecraft:string":12,"gobber2:gobber2_gooey_bread":1,"minecraft:bone":7,"minecraft:redstone":14,"minecraft:goat_horn":2,"relics:hunter_belt":1,"minecraft:obsidian":6,"minecraft:experience_bottle":3,"minecraft:rotten_flesh":6,"minecraft:iron_boots":2,"minecraft:white_bed":1,"minecraft:filled_map":1,"regions_unexplored:palm_shrub":3,"minecraft:gunpowder":5,"regions_unexplored:hibiscus":1,"minecraft:melon_seeds":5,"minecraft:golden_leggings":1,"minecraft:stone_bricks":1,"minecraft:stone_pickaxe":1,"minecraft:wooden_pickaxe":1},"minecraft:killed":{"minecraft:spider":2,"minecraft:vindicator":1,"minecraft:skeleton":4,"minecraft:chicken":8,"minecraft:rabbit":10,"minecraft:creeper":1,"minecraft:sheep":7,"minecraft:pillager":1,"minecraft:zombie":19,"creeperoverhaul:savannah_creeper":1,"minecraft:cow":8},"minecraft:custom":{"minecraft:mob_kills":66,"minecraft:interact_with_crafting_table":44,"minecraft:open_barrel":12,"minecraft:leave_game":2,"minecraft:time_since_death":61734,"minecraft:climb_one_cm":11261,"minecraft:sprint_one_cm":533099,"minecraft:walk_one_cm":714938,"minecraft:damage_blocked_by_shield":3260,"minecraft:drop":77,"minecraft:talked_to_villager":4,"minecraft:play_time":275380,"minecraft:deaths":4,"minecraft:sneak_time":18566,"minecraft:walk_under_water_one_cm":48178,"minecraft:boat_one_cm":507780,"minecraft:interact_with_lectern":4,"minecraft:jump":3775,"minecraft:interact_with_blast_furnace":32,"minecraft:walk_on_water_one_cm":24921,"minecraft:total_world_time":275380,"minecraft:interact_with_furnace":50,"minecraft:sleep_in_bed":8,"minecraft:time_since_rest":17717,"minecraft:waystone_activated":2,"minecraft:damage_taken":5884,"minecraft:trigger_trapped_chest":4,"minecraft:damage_dealt":9413,"minecraft:swim_one_cm":94839,"minecraft:fly_one_cm":502486,"minecraft:open_chest":101,"minecraft:crouch_one_cm":60042,"minecraft:interact_with_smoker":1,"minecraft:fall_one_cm":107413,"minecraft:horse_one_cm":200814}},"DataVersion":3465}