{"stats":{"minecraft:crafted":{"minecraft:oak_door":3,"minecraft:oak_planks":12,"minecraft:cooked_chicken":8,"minecraft:furnace":1,"minecraft:stone":78,"minecraft:spruce_fence":24,"minecraft:cooked_mutton":26,"minecraft:spruce_stairs":20,"jeg:scrap_workbench":1,"minecraft:iron_axe":2,"minecraft:stone_pickaxe":1,"minecraft:jungle_stairs":32,"minecraft:stone_bricks":68,"minecraft:cooked_rabbit":3,"minecraft:cooked_beef":4,"regions_unexplored:palm_planks":92,"minecraft:crafting_table":2,"minecraft:spruce_planks":144,"minecraft:jungle_boat":1,"minecraft:wooden_pickaxe":1,"minecraft:air":0,"jeg:scrap_block":1,"minecraft:jungle_planks":288,"minecraft:iron_chestplate":1,"minecraft:shield":1,"minecraft:stick":12,"minecraft:iron_ingot":18,"minecraft:iron_pickaxe":2,"minecraft:iron_shovel":1,"minecraft:gold_ingot":9,"minecraft:acacia_planks":8,"minecraft:torch":12,"minecraft:shears":1},"minecraft:mined":{"regions_unexplored:palm_shrub":3,"minecraft:white_bed":1,"minecraft:oak_door":2,"minecraft:jungle_planks":35,"minecraft:jungle_log":133,"regions_unexplored:elephant_ear":32,"minecraft:spruce_leaves":5,"minecraft:spawner":1,"regions_unexplored:flowering_leaves":30,"minecraft:large_fern":6,"minecraft:tall_seagrass":1,"minecraft:redstone_ore":12,"minecraft:furnace":1,"minecraft:iron_ore":72,"minecraft:fire":9,"minecraft:acacia_wood":2,"minecraft:gold_block":1,"minecraft:bookshelf":6,"regions_unexplored:medium_grass":1,"minecraft:stone":138,"regions_unexplored:silt_grass_block":193,"regions_unexplored:palm_beard":4,"jeg:scrap_ore":9,"expore:exp_ore":10,"minecraft:smoker":1,"minecraft:dandelion":2,"minecraft:powder_snow":2,"minecraft:crafting_table":1,"regions_unexplored:palm_leaves":6,"minecraft:jungle_stairs":3,"regions_unexplored:bladed_tall_grass":2,"minecraft:blast_furnace":2,"minecraft:emerald_ore":2,"regions_unexplored:silt_dirt":16,"minecraft:chest":2,"minecraft:cobblestone":7,"biomesoplenty:huge_clover_petal":1,"minecraft:spruce_stairs":1,"minecraft:purple_bed":1,"regions_unexplored:hibiscus":4,"minecraft:spruce_log":22,"regions_unexplored:palm_planks":33,"minecraft:grass":81,"minecraft:oak_log":3,"minecraft:coal_ore":38,"regions_unexplored:palm_log":177,"minecraft:stonecutter":1,"minecraft:stone_bricks":24,"minecraft:oak_leaves":108,"minecraft:fern":2},"minecraft:picked_up":{"regions_unexplored:hibiscus":4,"minecraft:crafting_table":1,"minecraft:chicken":8,"regions_unexplored:silt_dirt":220,"minecraft:gold_block":1,"regions_unexplored:palm_shrub":2,"minecraft:music_disc_cat":1,"minecraft:string":5,"minecraft:iron_leggings":1,"minecraft:experience_bottle":2,"minecraft:beef":7,"minecraft:jungle_sapling":30,"minecraft:chest":2,"minecraft:iron_boots":1,"minecraft:diamond_hoe":1,"minecraft:egg":7,"minecraft:furnace":1,"minecraft:stick":132,"minecraft:raw_iron":71,"minecraft:oak_door":2,"regions_unexplored:elephant_ear":26,"minecraft:torch":2,"minecraft:spruce_stairs":1,"minecraft:redstone":55,"minecraft:arrow":4,"minecraft:rotten_flesh":15,"regions_unexplored:redstone_bulb":1,"minecraft:vex_armor_trim_smithing_template":1,"minecraft:jungle_stairs":3,"minecraft:gold_ingot":7,"minecraft:obsidian":1,"minecraft:mutton":16,"minecraft:white_wool":5,"minecraft:cobblestone":144,"minecraft:cooked_beef":1,"minecraft:feather":8,"regions_unexplored:flowering_leaves":15,"regions_unexplored:palm_planks":33,"minecraft:jungle_log":130,"minecraft:leather":5,"minecraft:smoker":1,"minecraft:acacia_wood":2,"minecraft:oak_log":3,"regions_unexplored:palm_leaves":2,"jeg:scrap":18,"minecraft:gunpowder":5,"minecraft:bone":7,"minecraft:stone_bricks":24,"minecraft:stonecutter":1,"minecraft:bow":1,"minecraft:wheat_seeds":16,"minecraft:rabbit_hide":1,"minecraft:iron_ingot":21,"minecraft:rabbit":3,"jeg:tech_trash":2,"minecraft:book":18,"regions_unexplored:palm_sapling":60,"minecraft:music_disc_13":1,"minecraft:dandelion":1,"minecraft:jungle_planks":35,"minecraft:spruce_sapling":2,"regions_unexplored:palm_log":166,"minecraft:blast_furnace":2,"minecraft:white_bed":1,"minecraft:spruce_log":22,"minecraft:purple_bed":1,"waystones:waystone":2,"minecraft:iron_helmet":1,"minecraft:golden_apple":1,"minecraft:emerald":3,"minecraft:melon_seeds":2,"minecraft:oak_sapling":6,"minecraft:netherrack":12,"minecraft:black_wool":2,"minecraft:oak_leaves":58,"minecraft:coal":43,"regions_unexplored:flowering_sapling":1},"minecraft:broken":{"minecraft:iron_axe":1,"minecraft:iron_pickaxe":1},"minecraft:used":{"minecraft:iron_shovel":239,"minecraft:chest":2,"minecraft:shield":156,"minecraft:stone":10,"minecraft:iron_sword":127,"minecraft:cooked_chicken":7,"minecraft:rotten_flesh":4,"minecraft:netherrack":5,"minecraft:oak_door":4,"minecraft:torch":12,"minecraft:mutton":3,"minecraft:jungle_planks":201,"minecraft:spruce_stairs":11,"minecraft:spruce_fence":24,"minecraft:iron_axe":489,"minecraft:jungle_log":56,"minecraft:iron_helmet":1,"minecraft:stone_bricks":90,"minecraft:furnace":2,"minecraft:cooked_beef":3,"minecraft:acacia_planks":3,"minecraft:cooked_mutton":8,"regions_unexplored:redstone_bulb":1,"minecraft:stone_pickaxe":52,"minecraft:wooden_pickaxe":30,"minecraft:jungle_boat":1,"minecraft:oak_leaves":37,"minecraft:crafting_table":3,"minecraft:blast_furnace":1,"minecraft:shears":87,"waystones:waystone":1,"regions_unexplored:palm_planks":121,"minecraft:bread":19,"minecraft:iron_pickaxe":269,"minecraft:jungle_stairs":7,"minecraft:spruce_sapling":2,"jeg:scrap_workbench":1,"minecraft:cobblestone":29,"minecraft:purple_bed":1,"minecraft:cooked_rabbit":3,"minecraft:dandelion":1,"regions_unexplored:silt_dirt":98},"minecraft:dropped":{"minecraft:enchanted_book":1,"minecraft:iron_ingot":10,"minecraft:bread":10,"minecraft:wheat_seeds":16,"minecraft:cooked_beef":1,"minecraft:iron_helmet":3,"minecraft:stick":1,"minecraft:iron_leggings":2,"minecraft:string":12,"minecraft:redstone":14,"relics:hunter_belt":1,"minecraft:obsidian":6,"minecraft:experience_bottle":3,"minecraft:rotten_flesh":5,"minecraft:iron_boots":2,"minecraft:white_bed":1,"regions_unexplored:palm_shrub":1,"minecraft:gunpowder":5,"regions_unexplored:hibiscus":1,"minecraft:melon_seeds":5,"minecraft:golden_leggings":1,"minecraft:stone_pickaxe":1,"minecraft:wooden_pickaxe":1},"minecraft:killed":{"minecraft:vindicator":1,"minecraft:skeleton":4,"minecraft:chicken":8,"minecraft:rabbit":2,"minecraft:sheep":7,"minecraft:zombie":15,"minecraft:cow":4},"minecraft:custom":{"minecraft:mob_kills":44,"minecraft:interact_with_crafting_table":24,"minecraft:open_barrel":3,"minecraft:leave_game":2,"minecraft:time_since_death":5259,"minecraft:climb_one_cm":7989,"minecraft:sprint_one_cm":275299,"minecraft:walk_one_cm":487604,"minecraft:damage_blocked_by_shield":3050,"minecraft:drop":38,"minecraft:talked_to_villager":4,"minecraft:play_time":173380,"minecraft:deaths":3,"minecraft:sneak_time":10005,"minecraft:walk_under_water_one_cm":21024,"minecraft:boat_one_cm":109170,"minecraft:jump":1974,"minecraft:interact_with_blast_furnace":20,"minecraft:walk_on_water_one_cm":15920,"minecraft:total_world_time":173380,"minecraft:interact_with_furnace":41,"minecraft:sleep_in_bed":5,"minecraft:time_since_rest":5329,"minecraft:waystone_activated":1,"minecraft:damage_taken":3775,"minecraft:damage_dealt":6960,"minecraft:swim_one_cm":46533,"minecraft:fly_one_cm":221433,"minecraft:open_chest":62,"minecraft:crouch_one_cm":31085,"minecraft:fall_one_cm":46942,"minecraft:horse_one_cm":200784}},"DataVersion":3465}