{"stats":{"minecraft:crafted":{"minecraft:jungle_button":5,"minecraft:oak_planks":16,"minecraft:smooth_stone":4,"minecraft:cooked_chicken":8,"minecraft:stone":131,"minecraft:lever":2,"create:schematicannon":1,"minecraft:cooked_mutton":26,"minecraft:glass":104,"create:mechanical_press":1,"minecraft:chest":13,"minecraft:jungle_stairs":32,"minecraft:stone_bricks":80,"minecraft:cooked_rabbit":12,"regions_unexplored:palm_boat":1,"regions_unexplored:palm_planks":360,"minecraft:crafting_table":5,"minecraft:spruce_planks":144,"minecraft:jungle_boat":1,"minecraft:wooden_pickaxe":1,"minecraft:gold_block":2,"minecraft:spruce_trapdoor":4,"minecraft:iron_chestplate":1,"minecraft:charcoal":64,"minecraft:yellow_dye":3,"minecraft:shield":1,"minecraft:stick":52,"minecraft:iron_ingot":56,"minecraft:iron_pickaxe":3,"minecraft:iron_block":3,"minecraft:gold_ingot":18,"minecraft:shears":1,"minecraft:oak_door":3,"minecraft:coal":9,"minecraft:iron_nugget":18,"minecraft:furnace":2,"minecraft:spruce_fence":48,"minecraft:spruce_stairs":20,"jeg:scrap_workbench":1,"minecraft:iron_axe":5,"minecraft:stone_pickaxe":1,"minecraft:cooked_beef":4,"minecraft:cooked_cod":10,"create:andesite_alloy":5,"create:hand_crank":1,"minecraft:iron_sword":1,"minecraft:golden_shovel":1,"minecraft:jungle_planks":568,"minecraft:air":0,"jeg:scrap_block":1,"regions_unexplored:palm_button":3,"minecraft:iron_shovel":3,"minecraft:stonecutter":1,"create:shaft":8,"minecraft:acacia_planks":8,"minecraft:torch":32},"minecraft:mined":{"regions_unexplored:palm_shrub":5,"minecraft:spruce_planks":3,"minecraft:white_bed":1,"create:andesite_casing":2,"minecraft:spruce_trapdoor":3,"minecraft:budding_amethyst":1,"minecraft:jungle_log":290,"gobber2:gobber2_lucky_block":8,"minecraft:oak_pressure_plate":2,"minecraft:coal_block":1,"regions_unexplored:elephant_ear":48,"minecraft:spawner":2,"regions_unexplored:flowering_leaves":33,"minecraft:tall_seagrass":1,"minecraft:glowstone":1,"minecraft:iron_ore":110,"minecraft:fire":9,"regions_unexplored:silt_grass_block":210,"create:mechanical_press":1,"minecraft:spruce_slab":1,"minecraft:green_bed":1,"minecraft:tripwire":5,"minecraft:jungle_button":1,"expore:exp_ore":16,"minecraft:smoker":1,"minecraft:powder_snow":2,"regions_unexplored:palm_leaves":23,"minecraft:jungle_stairs":3,"regions_unexplored:bladed_tall_grass":2,"minecraft:blast_furnace":2,"minecraft:chest":6,"minecraft:dead_bush":1,"minecraft:cobblestone":9,"minecraft:seagrass":1,"minecraft:red_candle":2,"regions_unexplored:hibiscus":4,"minecraft:tnt":10,"regions_unexplored:palm_planks":39,"minecraft:copper_block":2,"minecraft:grass":86,"minecraft:oak_log":7,"create:hand_crank":2,"minecraft:sand":239,"minecraft:crimson_planks":1,"minecraft:smooth_basalt":1,"minecraft:dispenser":1,"minecraft:stonecutter":1,"minecraft:oak_leaves":129,"minecraft:oak_door":2,"minecraft:lever":1,"minecraft:purple_terracotta":1,"minecraft:jungle_planks":50,"minecraft:spruce_leaves":5,"minecraft:large_fern":6,"minecraft:hay_block":35,"minecraft:redstone_ore":12,"minecraft:furnace":1,"minecraft:acacia_wood":2,"minecraft:suspicious_sand":5,"minecraft:gold_block":2,"minecraft:bookshelf":6,"minecraft:vine":6,"minecraft:stripped_jungle_log":1,"regions_unexplored:medium_grass":1,"minecraft:cut_copper":3,"minecraft:stone":265,"regions_unexplored:palm_beard":4,"regions_unexplored:redstone_bulb":2,"jeg:scrap_ore":19,"minecraft:dandelion":2,"minecraft:crafting_table":1,"minecraft:emerald_ore":2,"regions_unexplored:silt_dirt":18,"minecraft:tall_grass":1,"biomesoplenty:huge_clover_petal":1,"minecraft:spruce_stairs":1,"minecraft:purple_bed":1,"minecraft:trapped_chest":1,"regions_unexplored:redstone_bud":1,"minecraft:spruce_log":22,"minecraft:coal_ore":73,"regions_unexplored:palm_log":507,"minecraft:stone_bricks":28,"minecraft:fern":2},"minecraft:picked_up":{"regions_unexplored:hibiscus":9,"minecraft:wheat":4,"minecraft:sentry_armor_trim_smithing_template":6,"regions_unexplored:silt_dirt":595,"regions_unexplored:palm_shrub":5,"minecraft:crimson_planks":1,"minecraft:music_disc_cat":1,"minecraft:string":9,"minecraft:iron_leggings":1,"minecraft:red_candle":3,"minecraft:experience_bottle":2,"create:mechanical_press":1,"minecraft:spruce_planks":3,"minecraft:coal_block":1,"minecraft:iron_boots":1,"minecraft:furnace":1,"minecraft:stick":401,"regions_unexplored:elephant_ear":41,"minecraft:green_bed":1,"create:andesite_casing":2,"minecraft:torch":2,"minecraft:spruce_stairs":1,"minecraft:goat_horn":1,"gobber2:gobber2_foo":2,"minecraft:rotten_flesh":30,"minecraft:vex_armor_trim_smithing_template":1,"minecraft:obsidian":1,"minecraft:cobblestone":296,"minecraft:feather":8,"minecraft:cooked_beef":1,"minecraft:andesite":12,"minecraft:jungle_log":267,"minecraft:copper_block":2,"minecraft:smoker":1,"minecraft:potato":6,"regions_unexplored:palm_boat":6,"minecraft:flint":9,"jeg:scrap":40,"minecraft:bone":9,"minecraft:stonecutter":2,"minecraft:bow":1,"gobber2:gobber2_gooey_beef":3,"minecraft:wheat_seeds":16,"minecraft:rabbit":12,"minecraft:glowstone_dust":4,"gobber2:gobber2_gooey_bread":3,"regions_unexplored:palm_sapling":151,"minecraft:music_disc_13":1,"minecraft:oak_pressure_plate":3,"minecraft:jungle_planks":71,"minecraft:sand":417,"regions_unexplored:palm_log":489,"regions_unexplored:palm_button":2,"minecraft:trapped_chest":1,"minecraft:orange_wool":2,"minecraft:dispenser":1,"minecraft:lever":1,"waystones:waystone":3,"minecraft:crossbow":2,"minecraft:golden_apple":1,"minecraft:spruce_sign":1,"minecraft:emerald":3,"minecraft:oak_sapling":13,"minecraft:netherrack":12,"regions_unexplored:flowering_sapling":4,"gobber2:gobber2_goo":1,"minecraft:oak_leaves":58,"minecraft:crafting_table":1,"minecraft:chicken":8,"minecraft:gold_block":2,"minecraft:beef":15,"minecraft:jungle_sapling":65,"minecraft:spruce_slab":1,"minecraft:chest":6,"minecraft:spruce_trapdoor":3,"minecraft:diamond_hoe":1,"minecraft:egg":9,"minecraft:raw_iron":109,"minecraft:sandstone":17,"minecraft:oak_door":2,"minecraft:copper_ingot":15,"create:hand_crank":2,"minecraft:redstone":57,"minecraft:purple_terracotta":1,"minecraft:tnt":10,"minecraft:arrow":12,"regions_unexplored:redstone_bulb":4,"minecraft:jungle_stairs":3,"minecraft:cut_copper":3,"minecraft:hay_block":35,"minecraft:gold_ingot":7,"minecraft:mutton":16,"minecraft:white_wool":5,"create:iron_sheet":4,"regions_unexplored:flowering_leaves":15,"regions_unexplored:palm_planks":39,"minecraft:tripwire_hook":8,"minecraft:leather":9,"minecraft:acacia_wood":2,"minecraft:oak_log":9,"regions_unexplored:palm_leaves":2,"minecraft:jungle_button":2,"minecraft:gunpowder":12,"minecraft:white_banner":1,"jeg:grenade":2,"minecraft:apple":2,"minecraft:stone_bricks":28,"minecraft:rabbit_hide":1,"minecraft:iron_ingot":25,"jeg:double_barrel_shotgun":1,"jeg:tech_trash":2,"minecraft:book":18,"minecraft:smooth_basalt":1,"minecraft:dandelion":1,"minecraft:amethyst_shard":2,"minecraft:spruce_sapling":2,"minecraft:blast_furnace":2,"minecraft:white_bed":1,"minecraft:spruce_log":22,"minecraft:spider_eye":1,"jeg:handmade_shell":20,"minecraft:stripped_jungle_log":1,"minecraft:purple_bed":1,"minecraft:iron_helmet":1,"minecraft:black_wool":2,"minecraft:melon_seeds":2,"minecraft:coal":78},"minecraft:broken":{"minecraft:iron_shovel":1,"minecraft:golden_shovel":1,"minecraft:iron_sword":1,"minecraft:iron_axe":3,"minecraft:iron_pickaxe":2},"minecraft:used":{"gobber2:gobber2_goo":1,"minecraft:iron_shovel":469,"minecraft:spruce_slab":1,"gobber2:gobber2_gooey_bread":2,"minecraft:chest":19,"minecraft:shield":166,"minecraft:stone":14,"minecraft:iron_sword":299,"minecraft:rotten_flesh":4,"minecraft:mutton":3,"minecraft:jungle_planks":359,"jeg:grenade":1,"minecraft:iron_helmet":1,"minecraft:stone_bricks":135,"minecraft:hay_block":1,"minecraft:jungle_button":5,"minecraft:furnace":3,"minecraft:cooked_cod":6,"minecraft:egg":2,"regions_unexplored:redstone_bulb":3,"minecraft:stone_pickaxe":52,"minecraft:wooden_pickaxe":30,"minecraft:jungle_boat":1,"minecraft:oak_leaves":37,"minecraft:sand":2,"minecraft:blast_furnace":1,"minecraft:shears":87,"waystones:waystone":3,"regions_unexplored:palm_planks":296,"minecraft:bread":25,"minecraft:oak_pressure_plate":2,"minecraft:cooked_rabbit":12,"minecraft:experience_bottle":14,"regions_unexplored:palm_boat":6,"minecraft:cooked_chicken":8,"minecraft:netherrack":5,"minecraft:oak_door":4,"minecraft:torch":32,"minecraft:spruce_stairs":11,"minecraft:golden_shovel":32,"minecraft:spruce_fence":28,"minecraft:iron_axe":1052,"minecraft:jungle_log":109,"regions_unexplored:elephant_ear":1,"minecraft:crimson_planks":1,"jeg:double_barrel_shotgun":14,"minecraft:beef":8,"minecraft:goat_horn":2,"minecraft:cooked_beef":3,"minecraft:acacia_planks":3,"minecraft:cooked_mutton":26,"minecraft:stonecutter":2,"minecraft:green_bed":1,"minecraft:tnt":10,"minecraft:crafting_table":6,"create:schematicannon":1,"minecraft:smoker":1,"minecraft:oak_log":1,"regions_unexplored:palm_log":399,"minecraft:apple":2,"create:mechanical_press":2,"minecraft:stripped_jungle_log":1,"minecraft:iron_pickaxe":523,"minecraft:jungle_stairs":7,"minecraft:spruce_trapdoor":6,"minecraft:spruce_sapling":2,"jeg:scrap_workbench":1,"minecraft:cobblestone":52,"minecraft:purple_bed":1,"regions_unexplored:palm_button":2,"create:hand_crank":3,"minecraft:dandelion":1,"regions_unexplored:silt_dirt":554},"minecraft:dropped":{"minecraft:spruce_sign":1,"minecraft:oak_pressure_plate":1,"minecraft:cooked_beef":1,"minecraft:jungle_planks":26,"minecraft:sentry_armor_trim_smithing_template":6,"minecraft:gold_block":2,"regions_unexplored:elephant_ear":3,"minecraft:jungle_button":2,"regions_unexplored:palm_sapling":91,"minecraft:jungle_sapling":35,"minecraft:sand":204,"gobber2:gobber2_gooey_bread":1,"minecraft:bone":7,"minecraft:goat_horn":3,"minecraft:obsidian":6,"minecraft:rotten_flesh":6,"minecraft:white_bed":1,"regions_unexplored:palm_shrub":4,"minecraft:gunpowder":5,"minecraft:melon_seeds":5,"minecraft:enchanted_book":1,"minecraft:iron_ingot":21,"minecraft:bread":10,"minecraft:purple_terracotta":1,"minecraft:wheat_seeds":16,"gobber2:gobber2_foo":1,"minecraft:iron_helmet":3,"minecraft:cobblestone":39,"minecraft:coal":8,"minecraft:stick":3,"minecraft:pufferfish":2,"minecraft:iron_leggings":2,"minecraft:stonecutter":1,"minecraft:string":12,"minecraft:redstone":14,"relics:hunter_belt":1,"minecraft:experience_bottle":3,"minecraft:iron_boots":2,"minecraft:filled_map":2,"regions_unexplored:hibiscus":1,"minecraft:golden_leggings":1,"minecraft:oak_sapling":4,"minecraft:stone_bricks":1,"minecraft:sandstone":4,"minecraft:stone_pickaxe":1,"minecraft:wooden_pickaxe":1},"minecraft:killed":{"minecraft:witch":1,"minecraft:spider":6,"minecraft:skeleton":7,"minecraft:chicken":8,"minecraft:creeper":7,"minecraft:sheep":7,"minecraft:pillager":7,"minecraft:zombie":24,"minecraft:cow":8,"minecraft:vindicator":1,"minecraft:rabbit":10,"creeperoverhaul:savannah_creeper":1},"minecraft:custom":{"minecraft:interact_with_crafting_table":60,"minecraft:open_barrel":13,"minecraft:leave_game":4,"minecraft:time_since_death":51134,"minecraft:sprint_one_cm":667302,"minecraft:damage_blocked_by_shield":3290,"minecraft:drop":91,"minecraft:talked_to_villager":4,"minecraft:play_time":416099,"minecraft:deaths":5,"minecraft:jump":4356,"minecraft:walk_on_water_one_cm":27017,"minecraft:interact_with_furnace":72,"minecraft:sleep_in_bed":15,"minecraft:waystone_activated":3,"minecraft:damage_dealt":12987,"minecraft:crouch_one_cm":79570,"minecraft:interact_with_smoker":13,"minecraft:horse_one_cm":200814,"minecraft:mob_kills":93,"minecraft:climb_one_cm":15817,"minecraft:walk_one_cm":933736,"minecraft:sneak_time":23160,"minecraft:walk_under_water_one_cm":48867,"minecraft:boat_one_cm":657630,"minecraft:interact_with_lectern":5,"minecraft:interact_with_blast_furnace":52,"minecraft:total_world_time":416099,"minecraft:interact_with_stonecutter":3,"minecraft:time_since_rest":6696,"minecraft:damage_taken":6895,"minecraft:trigger_trapped_chest":6,"minecraft:swim_one_cm":98977,"minecraft:fly_one_cm":570551,"minecraft:open_chest":156,"minecraft:fall_one_cm":125534}},"DataVersion":3465}