{"stats":{"minecraft:broken":{"minecraft:iron_axe":1},"minecraft:crafted":{"minecraft:crafting_table":2,"minecraft:spruce_planks":88,"minecraft:wooden_pickaxe":1,"minecraft:cooked_chicken":8,"minecraft:furnace":1,"jeg:scrap_block":1,"minecraft:air":0,"minecraft:iron_chestplate":1,"minecraft:shield":1,"jeg:scrap_workbench":1,"minecraft:iron_axe":2,"minecraft:stick":8,"minecraft:iron_ingot":17,"minecraft:iron_pickaxe":1,"minecraft:stone_pickaxe":1,"minecraft:acacia_planks":8,"minecraft:cooked_rabbit":3},"minecraft:used":{"minecraft:stone_pickaxe":52,"minecraft:chest":2,"minecraft:wooden_pickaxe":30,"minecraft:shield":27,"minecraft:iron_sword":3,"minecraft:cooked_chicken":3,"minecraft:rotten_flesh":4,"minecraft:netherrack":5,"minecraft:mutton":3,"minecraft:crafting_table":3,"minecraft:iron_axe":400,"minecraft:bread":18,"minecraft:iron_pickaxe":138,"minecraft:spruce_sapling":2,"jeg:scrap_workbench":1,"minecraft:purple_bed":1,"minecraft:furnace":2,"minecraft:cooked_rabbit":3,"minecraft:acacia_planks":3,"minecraft:dandelion":1},"minecraft:dropped":{"minecraft:iron_ingot":10,"minecraft:wheat_seeds":7,"minecraft:obsidian":4,"minecraft:rotten_flesh":5,"minecraft:white_bed":1,"regions_unexplored:palm_shrub":1,"minecraft:stick":1,"minecraft:gunpowder":5,"minecraft:golden_leggings":1,"minecraft:stone_pickaxe":1,"minecraft:wooden_pickaxe":1,"minecraft:string":7},"minecraft:killed":{"minecraft:rabbit":2,"minecraft:skeleton":1,"minecraft:sheep":7,"minecraft:zombie":7,"minecraft:chicken":8},"minecraft:mined":{"regions_unexplored:palm_shrub":3,"minecraft:white_bed":1,"expore:exp_ore":4,"minecraft:dandelion":2,"minecraft:powder_snow":2,"minecraft:crafting_table":1,"minecraft:blast_furnace":1,"minecraft:emerald_ore":2,"minecraft:chest":2,"minecraft:jungle_log":125,"regions_unexplored:elephant_ear":18,"minecraft:spruce_leaves":5,"biomesoplenty:huge_clover_petal":1,"minecraft:spawner":1,"minecraft:large_fern":2,"minecraft:tall_seagrass":1,"minecraft:purple_bed":1,"minecraft:furnace":1,"minecraft:iron_ore":72,"regions_unexplored:hibiscus":2,"minecraft:acacia_wood":2,"minecraft:spruce_log":22,"minecraft:grass":78,"minecraft:bookshelf":6,"minecraft:coal_ore":35,"regions_unexplored:palm_log":175,"minecraft:stone":85,"minecraft:oak_leaves":2,"minecraft:fern":1},"minecraft:custom":{"minecraft:interact_with_furnace":24,"minecraft:mob_kills":27,"minecraft:interact_with_crafting_table":11,"minecraft:leave_game":1,"minecraft:time_since_death":68356,"minecraft:sleep_in_bed":2,"minecraft:climb_one_cm":2837,"minecraft:time_since_rest":7462,"minecraft:sprint_one_cm":121144,"minecraft:damage_taken":1556,"minecraft:walk_one_cm":205684,"minecraft:damage_blocked_by_shield":820,"minecraft:drop":14,"minecraft:damage_dealt":2567,"minecraft:swim_one_cm":37351,"minecraft:talked_to_villager":3,"minecraft:fly_one_cm":120207,"minecraft:open_chest":25,"minecraft:crouch_one_cm":6271,"minecraft:play_time":87630,"minecraft:deaths":1,"minecraft:sneak_time":3076,"minecraft:walk_under_water_one_cm":9022,"minecraft:jump":1077,"minecraft:walk_on_water_one_cm":8861,"minecraft:total_world_time":87630,"minecraft:fall_one_cm":27300,"minecraft:horse_one_cm":200784},"minecraft:picked_up":{"regions_unexplored:hibiscus":1,"minecraft:crafting_table":1,"minecraft:feather":8,"minecraft:chicken":8,"minecraft:jungle_log":115,"minecraft:acacia_wood":2,"regions_unexplored:palm_shrub":1,"minecraft:bone":4,"minecraft:wheat_seeds":7,"minecraft:rabbit_hide":1,"minecraft:jungle_sapling":21,"minecraft:rabbit":3,"minecraft:chest":2,"minecraft:egg":5,"minecraft:furnace":1,"minecraft:book":18,"regions_unexplored:palm_sapling":53,"minecraft:stick":114,"minecraft:raw_iron":71,"minecraft:music_disc_13":1,"regions_unexplored:elephant_ear":14,"minecraft:dandelion":1,"minecraft:spruce_sapling":2,"regions_unexplored:palm_log":150,"minecraft:blast_furnace":1,"minecraft:white_bed":1,"minecraft:spruce_log":22,"minecraft:arrow":1,"minecraft:purple_bed":1,"minecraft:rotten_flesh":9,"waystones:waystone":1,"minecraft:emerald":2,"minecraft:melon_seeds":2,"minecraft:black_wool":2,"minecraft:netherrack":12,"minecraft:mutton":16,"minecraft:coal":40,"minecraft:white_wool":5,"minecraft:cobblestone":85}},"DataVersion":3465}