{"stats":{"minecraft:crafted":{"minecraft:crafting_table":2,"minecraft:stick":8,"minecraft:wooden_pickaxe":1,"minecraft:stone_pickaxe":1,"minecraft:furnace":1,"minecraft:white_bed":1,"minecraft:dark_oak_planks":24},"minecraft:dropped":{"minecraft:dirt":8,"minecraft:rotten_flesh":1},"minecraft:picked_up":{"narutoto:silver_coin":3,"minecraft:raw_iron":42,"minecraft:crafting_table":1,"narutoto:shuriken_item":1,"minecraft:dark_oak_log":6,"minecraft:lapis_lazuli":21,"minecraft:dirt":10,"minecraft:moss_carpet":3,"minecraft:arrow":1,"minecraft:rotten_flesh":1,"minecraft:wheat_seeds":4,"minecraft:azalea":1,"minecraft:glow_berries":1,"minecraft:mutton":4,"minecraft:flowering_azalea":2,"minecraft:coal":12,"minecraft:white_wool":3,"minecraft:cobblestone":48,"minecraft:egg":1},"minecraft:killed_by":{"narutoto:white_zetsu":2,"narutoto:ten_ten_npc":1},"minecraft:killed":{"minecraft:sheep":3},"minecraft:mined":{"minecraft:iron_ore":43,"minecraft:fire":1,"minecraft:dark_oak_log":6,"minecraft:crafting_table":1,"minecraft:grass":4,"minecraft:grass_block":1,"minecraft:coal_ore":14,"minecraft:cave_vines":1,"minecraft:tall_grass":1,"minecraft:lapis_ore":3,"minecraft:stone":50},"minecraft:used":{"minecraft:stone_pickaxe":123,"minecraft:wooden_pickaxe":6,"minecraft:dirt":2,"minecraft:cobblestone":3,"minecraft:crafting_table":3,"minecraft:furnace":1,"minecraft:white_bed":1},"minecraft:custom":{"minecraft:time_since_rest":7829,"minecraft:interact_with_furnace":1,"minecraft:sprint_one_cm":99931,"minecraft:damage_taken":1455,"minecraft:walk_one_cm":70498,"minecraft:mob_kills":4,"minecraft:drop":2,"minecraft:damage_dealt":450,"minecraft:swim_one_cm":5198,"minecraft:interact_with_crafting_table":9,"minecraft:fly_one_cm":192980,"minecraft:crouch_one_cm":3882,"minecraft:deaths":4,"minecraft:play_time":23302,"minecraft:sneak_time":1570,"minecraft:walk_under_water_one_cm":1243,"minecraft:jump":831,"minecraft:leave_game":1,"minecraft:walk_on_water_one_cm":8641,"minecraft:time_since_death":7783,"minecraft:total_world_time":23302,"minecraft:fall_one_cm":49598}},"DataVersion":3465}