{"stats":{"minecraft:crafted":{"minecraft:dark_oak_planks":12},"minecraft:killed_by":{"narutoto:ten_ten_npc":1},"minecraft:picked_up":{"narutoto:shuriken_item":1,"minecraft:dark_oak_log":3},"minecraft:mined":{"minecraft:dark_oak_log":3},"minecraft:custom":{"minecraft:jump":137,"minecraft:time_since_rest":594,"minecraft:damage_dealt":4,"minecraft:deaths":1,"minecraft:damage_taken":325,"minecraft:sprint_one_cm":24539,"minecraft:play_time":4586,"minecraft:time_since_death":546,"minecraft:walk_one_cm":18184,"minecraft:sneak_time":235,"minecraft:total_world_time":4586,"minecraft:fall_one_cm":7459,"minecraft:fly_one_cm":31109}},"DataVersion":3465}