{"stats":{"minecraft:crafted":{"minecraft:crafting_table":1,"minecraft:stick":8,"minecraft:wooden_pickaxe":1,"minecraft:stone_pickaxe":1,"minecraft:furnace":1,"minecraft:dark_oak_planks":24},"minecraft:picked_up":{"narutoto:silver_coin":3,"minecraft:raw_iron":27,"minecraft:crafting_table":1,"narutoto:shuriken_item":1,"minecraft:dark_oak_log":6,"minecraft:lapis_lazuli":21,"minecraft:arrow":1,"minecraft:rotten_flesh":1,"minecraft:glow_berries":1,"minecraft:coal":11,"minecraft:cobblestone":20},"minecraft:killed_by":{"narutoto:white_zetsu":1,"narutoto:ten_ten_npc":1},"minecraft:mined":{"minecraft:iron_ore":28,"minecraft:dark_oak_log":6,"minecraft:crafting_table":1,"minecraft:coal_ore":12,"minecraft:cave_vines":1,"minecraft:lapis_ore":3,"minecraft:stone":20},"minecraft:used":{"minecraft:stone_pickaxe":61,"minecraft:wooden_pickaxe":6,"minecraft:crafting_table":2,"minecraft:furnace":1},"minecraft:custom":{"minecraft:time_since_rest":487,"minecraft:interact_with_furnace":1,"minecraft:sprint_one_cm":36308,"minecraft:damage_taken":615,"minecraft:walk_one_cm":38386,"minecraft:mob_kills":1,"minecraft:damage_dealt":86,"minecraft:interact_with_crafting_table":5,"minecraft:fly_one_cm":47723,"minecraft:crouch_one_cm":1032,"minecraft:deaths":2,"minecraft:play_time":10586,"minecraft:sneak_time":702,"minecraft:walk_under_water_one_cm":43,"minecraft:jump":228,"minecraft:walk_on_water_one_cm":4501,"minecraft:time_since_death":443,"minecraft:total_world_time":10586,"minecraft:fall_one_cm":17464}},"DataVersion":3465}