{"stats":{"minecraft:killed":{"minecraft:skeleton":1,"minecraft:zombie":9,"minecraft:pig":1,"minecraft:spider":1},"minecraft:dropped":{"minecraft:rotten_flesh":5},"minecraft:custom":{"minecraft:time_since_rest":5583,"minecraft:sprint_one_cm":32791,"minecraft:damage_taken":400,"minecraft:walk_one_cm":33310,"minecraft:mob_kills":12,"minecraft:drop":1,"minecraft:damage_dealt":2568,"minecraft:talked_to_villager":1,"minecraft:interact_with_crafting_table":6,"minecraft:swim_one_cm":4697,"minecraft:fly_one_cm":28572,"minecraft:crouch_one_cm":5774,"minecraft:play_time":12129,"minecraft:deaths":1,"minecraft:sneak_time":2023,"minecraft:walk_under_water_one_cm":1249,"minecraft:jump":208,"minecraft:leave_game":1,"minecraft:walk_on_water_one_cm":927,"minecraft:time_since_death":5553,"minecraft:total_world_time":12129,"minecraft:fall_one_cm":3209},"minecraft:picked_up":{"minecraft:raw_iron":8,"minecraft:stick":2,"minecraft:crafting_table":1,"minecraft:porkchop":1,"minecraft:spruce_log":12,"minecraft:spider_eye":1,"minecraft:string":2,"minecraft:dirt":1,"minecraft:arrow":2,"minecraft:bone":4,"minecraft:rotten_flesh":5,"minecraft:coal":7,"minecraft:cobblestone":99},"minecraft:crafted":{"minecraft:crafting_table":1,"minecraft:spruce_planks":48,"minecraft:stick":4,"minecraft:wooden_pickaxe":1,"minecraft:stone_pickaxe":1,"minecraft:stone_sword":1},"minecraft:used":{"minecraft:stone_sword":59,"minecraft:stone_pickaxe":95,"minecraft:wooden_pickaxe":22,"minecraft:dirt":1,"minecraft:cobblestone":14,"minecraft:crafting_table":1},"minecraft:killed_by":{"minecraft:skeleton":1},"minecraft:mined":{"minecraft:iron_ore":8,"minecraft:spruce_log":12,"minecraft:crafting_table":1,"minecraft:grass":2,"minecraft:grass_block":1,"minecraft:coal_ore":8,"minecraft:spruce_leaves":3,"minecraft:stone":101,"minecraft:fern":3}},"DataVersion":3465}