{"stats":{"minecraft:killed":{"minecraft:pig":1,"minecraft:spider":1,"minecraft:sheep":6,"minecraft:skeleton":2,"minecraft:zombie":9,"minecraft:chicken":1,"iceandfire:dread_ghoul":1,"minecraft:cow":12},"minecraft:dropped":{"minecraft:rotten_flesh":5,"minecraft:red_sand":1},"minecraft:custom":{"minecraft:interact_with_furnace":8,"minecraft:mob_kills":33,"minecraft:interact_with_crafting_table":13,"minecraft:leave_game":1,"minecraft:time_since_death":508,"minecraft:time_since_rest":534,"minecraft:sprint_one_cm":120229,"minecraft:damage_taken":1385,"minecraft:walk_one_cm":78396,"minecraft:drop":2,"minecraft:damage_dealt":4987,"minecraft:swim_one_cm":9269,"minecraft:talked_to_villager":1,"minecraft:fly_one_cm":300210,"minecraft:crouch_one_cm":13599,"minecraft:play_time":36129,"minecraft:deaths":5,"minecraft:sneak_time":5387,"minecraft:walk_under_water_one_cm":2389,"minecraft:jump":1167,"minecraft:walk_on_water_one_cm":1581,"minecraft:total_world_time":36129,"minecraft:fall_one_cm":30985},"minecraft:picked_up":{"minecraft:crafting_table":4,"minecraft:feather":6,"minecraft:chicken":3,"minecraft:leather":8,"minecraft:dirt":16,"minecraft:string":2,"minecraft:bone":10,"minecraft:wheat_seeds":1,"minecraft:red_sand":1,"minecraft:iron_ingot":1,"minecraft:beef":22,"minecraft:sugar_cane":14,"minecraft:furnace":2,"minecraft:stick":5,"minecraft:raw_iron":25,"iceandfire:dragonbone":11,"minecraft:porkchop":1,"minecraft:diorite":17,"minecraft:spruce_log":12,"minecraft:spider_eye":1,"minecraft:mossy_cobblestone":5,"iceandfire:dragon_skull_ice":1,"biomesoplenty:icy_iris":1,"minecraft:cactus":2,"minecraft:arrow":4,"minecraft:rotten_flesh":5,"minecraft:emerald":1,"minecraft:white_wool":6,"minecraft:mutton":9,"minecraft:coal":30,"iceandfire:raw_silver":7,"minecraft:cobblestone":143},"minecraft:broken":{"minecraft:stone_pickaxe":1},"minecraft:crafted":{"minecraft:cooked_porkchop":1,"minecraft:crafting_table":1,"minecraft:spruce_planks":48,"minecraft:wooden_pickaxe":1,"minecraft:furnace":2,"minecraft:bucket":1,"minecraft:stone_axe":1,"minecraft:air":0,"minecraft:stick":8,"minecraft:iron_ingot":11,"minecraft:stone_pickaxe":2,"minecraft:stone_sword":1,"minecraft:torch":12},"minecraft:used":{"minecraft:water_bucket":5,"minecraft:stone_sword":122,"minecraft:stone_pickaxe":213,"iceandfire:dragon_skull_ice":1,"minecraft:wooden_pickaxe":22,"minecraft:torch":4,"minecraft:dirt":1,"minecraft:crafting_table":4,"minecraft:chicken":1,"minecraft:stone_axe":1,"minecraft:cobblestone":68,"minecraft:beef":7,"minecraft:furnace":2,"minecraft:cooked_porkchop":1,"minecraft:bucket":6},"minecraft:killed_by":{"minecraft:skeleton":2,"iceandfire:dread_thrall":1},"minecraft:mined":{"iceandfire:silver_ore":7,"minecraft:mossy_cobblestone":5,"minecraft:crafting_table":4,"minecraft:red_sand":2,"minecraft:grass_block":3,"minecraft:cobblestone":6,"minecraft:spruce_leaves":3,"minecraft:diorite":17,"minecraft:furnace":2,"biomesoplenty:icy_iris":1,"minecraft:iron_ore":21,"minecraft:ice":1,"minecraft:spruce_log":12,"iceandfire:dread_stone_bricks_mossy":1,"minecraft:grass":3,"minecraft:coal_ore":26,"minecraft:dirt":13,"minecraft:stone":140,"minecraft:fern":3}},"DataVersion":3465}