{"stats":{"minecraft:killed":{"minecraft:spider":1,"minecraft:vindicator":1,"minecraft:skeleton":2,"iceandfire:dread_thrall":27,"minecraft:chicken":1,"minecraft:illusioner":5,"iceandfire:dread_scuttler":4,"minecraft:pig":4,"minecraft:wandering_trader":1,"minecraft:sheep":7,"minecraft:pillager":1,"minecraft:zombie":9,"iceandfire:dread_ghoul":2,"minecraft:enderman":3,"minecraft:cow":18},"minecraft:dropped":{"minecraft:wheat_seeds":1,"minecraft:mossy_cobblestone":5,"minecraft:feather":6,"minecraft:stick":1,"minecraft:dirt":15,"minecraft:diorite":16,"minecraft:rabbit":1,"iceandfire:dread_stone_bricks":1,"minecraft:cactus":6,"minecraft:string":2,"minecraft:music_disc_cat":1,"minecraft:gold_ingot":1,"minecraft:stone_sword":1,"minecraft:white_carpet":3,"minecraft:rotten_flesh":8,"minecraft:light_gray_carpet":2,"biomesoplenty:icy_iris":1,"minecraft:rabbit_hide":1,"minecraft:chainmail_boots":1,"minecraft:spider_eye":1,"minecraft:red_sand":1,"minecraft:stone_pickaxe":3,"minecraft:wooden_pickaxe":2,"iceandfire:silver_pickaxe":1},"minecraft:custom":{"minecraft:mob_kills":100,"minecraft:interact_with_crafting_table":48,"minecraft:open_barrel":2,"minecraft:leave_game":1,"minecraft:time_since_death":4078,"minecraft:sprint_one_cm":250974,"minecraft:walk_one_cm":239365,"minecraft:drop":31,"minecraft:talked_to_villager":1,"minecraft:play_time":102129,"minecraft:deaths":30,"minecraft:sneak_time":9797,"minecraft:walk_under_water_one_cm":3069,"minecraft:jump":2784,"minecraft:walk_on_water_one_cm":5898,"minecraft:total_world_time":102129,"minecraft:interact_with_furnace":71,"minecraft:sleep_in_bed":7,"minecraft:time_since_rest":401,"minecraft:damage_taken":9683,"minecraft:damage_dealt":21530,"minecraft:swim_one_cm":18781,"minecraft:fly_one_cm":683078,"minecraft:player_kills":1,"minecraft:open_chest":31,"minecraft:crouch_one_cm":29078,"minecraft:fall_one_cm":81938},"minecraft:picked_up":{"iceandfire:dread_stone_bricks":4,"minecraft:crafting_table":6,"minecraft:iron_chestplate":1,"minecraft:chainmail_boots":2,"minecraft:chicken":3,"minecraft:lead":2,"minecraft:wooden_pickaxe":1,"minecraft:string":2,"minecraft:white_carpet":3,"minecraft:red_sand":1,"minecraft:beef":31,"iceandfire:dread_shard":32,"minecraft:sugar_cane":20,"minecraft:furnace":8,"minecraft:raw_iron":50,"minecraft:stick":5,"iceandfire:dragonbone":11,"minecraft:porkchop":6,"minecraft:diorite":35,"iceandfire:dragon_skull_ice":1,"biomesoplenty:icy_iris":3,"minecraft:rotten_flesh":8,"minecraft:arrow":7,"minecraft:cactus":6,"minecraft:mutton":11,"minecraft:white_wool":9,"minecraft:cobblestone":276,"iceandfire:sapphire_gem":10,"minecraft:feather":6,"minecraft:leather":14,"iceandfire:dread_stone_bricks_cracked":1,"minecraft:dirt":16,"minecraft:bone":57,"minecraft:wheat_seeds":2,"minecraft:rabbit_hide":1,"minecraft:iron_ingot":1,"minecraft:stone_pickaxe":3,"minecraft:diamond_helmet":1,"minecraft:rabbit":1,"minecraft:sand":20,"minecraft:white_bed":5,"minecraft:spruce_log":19,"minecraft:spider_eye":2,"minecraft:mossy_cobblestone":5,"iceandfire:silver_pickaxe":1,"minecraft:emerald":1,"minecraft:light_gray_carpet":2,"minecraft:coal":86,"iceandfire:raw_silver":7,"minecraft:ender_pearl":1},"minecraft:broken":{"minecraft:stone_sword":1,"minecraft:stone_pickaxe":1},"minecraft:crafted":{"jet_and_elias_armors:the_dames_armor_chestplate":1,"minecraft:cooked_chicken":2,"minecraft:furnace":2,"minecraft:heavy_weighted_pressure_plate":9,"minecraft:cooked_mutton":11,"minecraft:glass":16,"travelersbackpack:white_sleeping_bag":2,"minecraft:iron_boots":1,"jet_and_elias_armors:the_dames_armor_helmet":1,"minecraft:stone_pickaxe":3,"minecraft:chest":1,"jet_and_elias_armors:sentinel_set_boots":1,"minecraft:cooked_beef":23,"travelersbackpack:bookshelf":1,"minecraft:cooked_porkchop":1,"iceandfire:silver_ingot":7,"minecraft:crafting_table":2,"minecraft:spruce_planks":76,"travelersbackpack:backpack_tank":2,"minecraft:wooden_pickaxe":1,"travelersbackpack:standard":1,"minecraft:bucket":1,"minecraft:stone_axe":1,"minecraft:air":0,"minecraft:book":2,"minecraft:paper":6,"minecraft:stick":12,"minecraft:iron_ingot":45,"minecraft:stone_sword":2,"minecraft:white_bed":1,"minecraft:torch":12,"iceandfire:silver_pickaxe":1,"iceandfire:silver_sword":1,"jet_and_elias_armors:the_dames_armor_leggings":1},"minecraft:used":{"minecraft:stone_sword":134,"iceandfire:silver_sword":323,"iceandfire:dragon_skull_ice":1,"minecraft:cooked_chicken":2,"minecraft:torch":9,"minecraft:dirt":1,"jet_and_elias_armors:the_dames_armor_chestplate":1,"minecraft:beef":8,"minecraft:furnace":7,"minecraft:cooked_beef":9,"minecraft:cooked_mutton":2,"minecraft:water_bucket":5,"minecraft:diorite":19,"minecraft:stone_pickaxe":251,"minecraft:wooden_pickaxe":22,"minecraft:sand":2,"minecraft:crafting_table":7,"minecraft:white_bed":5,"iceandfire:silver_pickaxe":317,"travelersbackpack:bookshelf":6,"jet_and_elias_armors:sentinel_set_boots":1,"minecraft:chicken":1,"travelersbackpack:white_sleeping_bag":1,"minecraft:stone_axe":34,"minecraft:cobblestone":169,"minecraft:cooked_porkchop":1,"minecraft:bucket":6,"iceandfire:dread_stone_bricks_cracked":1},"minecraft:killed_by":{"iceandfire:dread_beast":2,"minecraft:player":2,"iceandfire:dread_scuttler":8,"minecraft:pillager":3,"iceandfire:dread_thrall":3,"iceandfire:dread_ghoul":2,"minecraft:vindicator":3,"minecraft:skeleton":2,"minecraft:illusioner":2},"minecraft:mined":{"minecraft:white_bed":4,"iceandfire:silver_ore":7,"minecraft:mossy_cobblestone":5,"minecraft:red_sand":2,"minecraft:grass_block":4,"iceandfire:dread_spawner":5,"minecraft:spruce_leaves":3,"minecraft:spawner":1,"minecraft:large_fern":1,"minecraft:furnace":8,"biomesoplenty:icy_iris":1,"minecraft:iron_ore":49,"minecraft:vine":1,"minecraft:stone":339,"iceandfire:dread_stone_bricks_cracked":16,"minecraft:light_gray_carpet":2,"minecraft:crafting_table":6,"minecraft:stone_slab":1,"minecraft:cobblestone":15,"biomesoplenty:sprout":1,"minecraft:diorite":22,"minecraft:ice":38,"minecraft:white_carpet":3,"minecraft:spruce_log":19,"minecraft:grass":9,"iceandfire:dread_stone_bricks_mossy":5,"minecraft:coal_ore":53,"minecraft:sand":20,"minecraft:dirt":13,"iceandfire:dread_stone_bricks":13,"minecraft:fern":4}},"DataVersion":3465}