{"stats":{"minecraft:picked_up":{"narutoto:fireball_scroll":1,"narutoto:sharingan_genjutsu_scroll":1},"minecraft:custom":{"minecraft:jump":69,"minecraft:time_since_rest":2412,"minecraft:leave_game":1,"minecraft:damage_dealt":8,"minecraft:deaths":1,"minecraft:sprint_one_cm":6023,"minecraft:play_time":4928,"minecraft:damage_taken":1160,"minecraft:time_since_death":2336,"minecraft:walk_one_cm":4157,"minecraft:sneak_time":132,"minecraft:total_world_time":4928,"minecraft:fall_one_cm":5162,"minecraft:fly_one_cm":14205}},"DataVersion":3465}