{"stats":{"minecraft:picked_up":{"minecraft:enchanting_table":1,"minecraft:oak_log":3,"minecraft:gunpowder":112,"minecraft:spider_eye":2,"minecraft:bone":205,"minecraft:arrow":91,"minecraft:rotten_flesh":100,"minecraft:diamond":1,"minecraft:bow":1,"waystones:waystone":1,"minecraft:cobblestone":1},"minecraft:used":{"travelersbackpack:sheep":1,"waystones:waystone":1,"minecraft:water_bucket":4,"minecraft:enchanting_table":2,"minecraft:bookshelf":38,"travelersbackpack:gold":3,"iceandfire:dragonbone_sword_fire":4,"minecraft:oak_sign":4,"minecraft:chest":4,"minecraft:bow":20,"minecraft:anvil":1,"minecraft:cobblestone":136,"minecraft:hopper":4,"minecraft:bucket":3,"iceandfire:dragonbone_axe":3,"iceandfire:dragonbone_pickaxe":50},"minecraft:crafted":{"minecraft:oak_planks":12,"minecraft:chest":1},"minecraft:custom":{"minecraft:time_since_rest":8085,"minecraft:waystone_activated":4,"minecraft:sprint_one_cm":14562,"minecraft:damage_taken":1192,"minecraft:walk_one_cm":36881,"minecraft:interact_with_anvil":9,"minecraft:mob_kills":407,"minecraft:drop":1,"minecraft:inspect_hopper":5,"minecraft:damage_dealt":106,"minecraft:swim_one_cm":2969,"minecraft:interact_with_crafting_table":2,"minecraft:fly_one_cm":128039,"minecraft:player_kills":1,"minecraft:open_barrel":9,"minecraft:open_chest":20,"minecraft:crouch_one_cm":1540,"minecraft:play_time":49680,"minecraft:interact_with_loom":2,"minecraft:deaths":6,"minecraft:sneak_time":786,"minecraft:walk_under_water_one_cm":9102,"minecraft:jump":131,"minecraft:leave_game":1,"minecraft:walk_on_water_one_cm":3049,"minecraft:time_since_death":24647,"minecraft:enchant_item":51,"minecraft:sleep_in_bed":3,"minecraft:total_world_time":49680,"minecraft:fall_one_cm":15929},"minecraft:mined":{"minecraft:deepslate_diamond_ore":2,"minecraft:enchanting_table":1,"minecraft:oak_log":3,"minecraft:stone_slab":3,"minecraft:stone":43},"minecraft:dropped":{"weaponmaster:tutorialbook":1},"minecraft:killed":{"minecraft:skeleton":148,"minecraft:zombie":98,"minecraft:witch":3,"minecraft:zombie_villager":2,"minecraft:creeper":154}},"DataVersion":3465}