{"stats":{"minecraft:picked_up":{"minecraft:oak_log":3,"minecraft:gunpowder":28,"minecraft:bone":93,"minecraft:arrow":75,"minecraft:rotten_flesh":36,"minecraft:diamond":1,"minecraft:bow":1},"minecraft:used":{"minecraft:water_bucket":2,"iceandfire:dragonbone_sword_fire":3,"minecraft:chest":4,"minecraft:cobblestone":129,"minecraft:hopper":4,"minecraft:bucket":3,"iceandfire:dragonbone_axe":3,"iceandfire:dragonbone_pickaxe":2},"minecraft:crafted":{"minecraft:oak_planks":12,"minecraft:chest":1},"minecraft:custom":{"minecraft:time_since_rest":4084,"minecraft:waystone_activated":2,"minecraft:sprint_one_cm":10684,"minecraft:damage_taken":1190,"minecraft:walk_one_cm":16950,"minecraft:mob_kills":195,"minecraft:drop":1,"minecraft:inspect_hopper":1,"minecraft:damage_dealt":75,"minecraft:swim_one_cm":2969,"minecraft:interact_with_crafting_table":1,"minecraft:fly_one_cm":108657,"minecraft:open_barrel":9,"minecraft:open_chest":6,"minecraft:crouch_one_cm":1206,"minecraft:play_time":29454,"minecraft:interact_with_loom":2,"minecraft:deaths":6,"minecraft:sneak_time":655,"minecraft:walk_under_water_one_cm":7797,"minecraft:jump":52,"minecraft:walk_on_water_one_cm":2510,"minecraft:time_since_death":4421,"minecraft:sleep_in_bed":2,"minecraft:total_world_time":29454,"minecraft:fall_one_cm":13446},"minecraft:mined":{"minecraft:deepslate_diamond_ore":2,"minecraft:oak_log":3},"minecraft:dropped":{"weaponmaster:tutorialbook":1},"minecraft:killed":{"minecraft:skeleton":81,"minecraft:zombie":36,"minecraft:witch":1,"minecraft:creeper":76}},"DataVersion":3465}