{"stats":{"minecraft:picked_up":{"minecraft:bone":21,"minecraft:arrow":13,"minecraft:rotten_flesh":2,"minecraft:diamond":1,"minecraft:gunpowder":8},"minecraft:used":{"minecraft:water_bucket":1,"iceandfire:dragonbone_sword_fire":3,"iceandfire:dragonbone_pickaxe":2},"minecraft:custom":{"minecraft:open_barrel":9,"minecraft:time_since_rest":1735,"minecraft:open_chest":3,"minecraft:waystone_activated":2,"minecraft:crouch_one_cm":741,"minecraft:damage_taken":470,"minecraft:play_time":20358,"minecraft:sprint_one_cm":4634,"minecraft:deaths":2,"minecraft:walk_one_cm":8862,"minecraft:sneak_time":455,"minecraft:walk_under_water_one_cm":4838,"minecraft:mob_kills":152,"minecraft:drop":1,"minecraft:jump":21,"minecraft:damage_dealt":75,"minecraft:walk_on_water_one_cm":2500,"minecraft:time_since_death":1708,"minecraft:sleep_in_bed":1,"minecraft:total_world_time":20358,"minecraft:swim_one_cm":2969,"minecraft:fall_one_cm":5419,"minecraft:fly_one_cm":92686},"minecraft:mined":{"minecraft:deepslate_diamond_ore":2},"minecraft:dropped":{"weaponmaster:tutorialbook":1},"minecraft:killed":{"minecraft:skeleton":67,"minecraft:zombie":26,"minecraft:creeper":58}},"DataVersion":3465}