{"stats":{"minecraft:broken":{"minecraft:iron_pickaxe":1},"minecraft:used":{"minecraft:stone_pickaxe":121,"minecraft:wooden_pickaxe":7,"minecraft:netherrack":47,"minecraft:torch":36,"minecraft:dirt":5,"minecraft:crafting_table":5,"minecraft:obsidian":4,"minecraft:iron_pickaxe":312,"minecraft:spruce_sapling":3,"minecraft:stone_axe":31,"minecraft:golden_sword":6,"minecraft:fire_charge":1,"minecraft:magma_block":3,"minecraft:furnace":1,"minecraft:cooked_beef":4,"minecraft:golden_pickaxe":4,"minecraft:pointed_dripstone":2},"minecraft:dropped":{"minecraft:wheat_seeds":3,"minecraft:oak_planks":2,"minecraft:nether_bricks":2,"minecraft:dirt":5,"minecraft:gunpowder":2,"minecraft:arrow":2,"minecraft:stone_pickaxe":2,"minecraft:wooden_pickaxe":1,"minecraft:netherrack":12},"minecraft:crafted":{"minecraft:oak_planks":16,"minecraft:crafting_table":1,"minecraft:wooden_pickaxe":1,"minecraft:furnace":1,"minecraft:golden_pickaxe":1,"minecraft:birch_planks":4,"minecraft:stone_axe":1,"minecraft:air":0,"minecraft:stick":24,"minecraft:iron_ingot":16,"minecraft:iron_pickaxe":2,"minecraft:stone_pickaxe":1,"minecraft:andesite":6,"minecraft:torch":24},"minecraft:killed":{"creeperoverhaul:dripstone_creeper":1,"minecraft:sheep":3,"minecraft:skeleton":3,"minecraft:piglin_brute":2},"minecraft:mined":{"create:zinc_ore":25,"expore:exp_ore":4,"minecraft:crafting_table":5,"minecraft:torch":6,"minecraft:nether_bricks":2,"minecraft:emerald_ore":1,"minecraft:grass_block":3,"gobber2:gobber2_lucky_block":11,"minecraft:tall_grass":1,"minecraft:copper_ore":37,"minecraft:diorite":3,"minecraft:wall_torch":9,"minecraft:spawner":3,"minecraft:large_fern":1,"minecraft:coarse_dirt":1,"minecraft:spruce_sapling":3,"minecraft:furnace":1,"minecraft:iron_ore":16,"minecraft:andesite":87,"minecraft:grass":19,"minecraft:pointed_dripstone":1,"minecraft:oak_log":4,"minecraft:coal_ore":44,"minecraft:dirt":7,"minecraft:stone":81,"minecraft:netherrack":113},"minecraft:custom":{"minecraft:interact_with_furnace":5,"minecraft:mob_kills":9,"minecraft:interact_with_crafting_table":6,"minecraft:leave_game":3,"minecraft:time_since_death":39206,"minecraft:time_since_rest":39237,"minecraft:sprint_one_cm":77954,"minecraft:damage_taken":603,"minecraft:walk_one_cm":70866,"minecraft:drop":13,"minecraft:damage_dealt":2231,"minecraft:swim_one_cm":41889,"minecraft:fly_one_cm":205306,"minecraft:open_chest":11,"minecraft:crouch_one_cm":8664,"minecraft:play_time":58051,"minecraft:deaths":1,"minecraft:sneak_time":3735,"minecraft:walk_under_water_one_cm":792,"minecraft:jump":447,"minecraft:walk_on_water_one_cm":4227,"minecraft:total_world_time":58051,"minecraft:fall_one_cm":15633,"minecraft:horse_one_cm":38505},"minecraft:picked_up":{"minecraft:birch_log":1,"minecraft:crafting_table":5,"minecraft:magma_block":3,"minecraft:andesite":87,"create:raw_zinc":25,"minecraft:oak_log":4,"minecraft:gunpowder":2,"minecraft:dirt":10,"minecraft:raw_copper":130,"minecraft:bone":4,"minecraft:wheat_seeds":3,"minecraft:stone_pickaxe":1,"minecraft:oak_planks":1,"minecraft:furnace":1,"minecraft:raw_iron":16,"minecraft:torch":15,"minecraft:spruce_sapling":3,"minecraft:pointed_dripstone":2,"minecraft:diorite":3,"gobber2:gobber2_foo":1,"minecraft:arrow":2,"minecraft:nether_bricks":2,"minecraft:emerald":1,"minecraft:netherrack":121,"gobber2:gobber2_goo":4,"minecraft:coal":43,"minecraft:white_wool":3,"minecraft:cobblestone":81}},"DataVersion":3465}