{"stats":{"minecraft:crafted":{"minecraft:oak_planks":16,"create:wrench":1,"minecraft:iron_nugget":27,"minecraft:furnace":1,"minecraft:glass":2,"create:mechanical_press":1,"minecraft:stone_pickaxe":1,"minecraft:chest":2,"create:basin":1,"create:cogwheel":1,"create:depot":1,"create:andesite_alloy":13,"create:hand_crank":1,"minecraft:crafting_table":1,"minecraft:wooden_pickaxe":1,"create:goggles":1,"minecraft:golden_pickaxe":1,"minecraft:birch_planks":4,"minecraft:stone_axe":1,"minecraft:air":0,"minecraft:jungle_planks":28,"minecraft:stick":32,"minecraft:iron_ingot":16,"minecraft:iron_pickaxe":2,"minecraft:iron_block":1,"minecraft:white_bed":1,"minecraft:andesite":6,"create:shaft":8,"minecraft:torch":24},"minecraft:mined":{"create:zinc_ore":27,"create:andesite_casing":2,"minecraft:nether_bricks":2,"minecraft:grass_block":3,"gobber2:gobber2_lucky_block":14,"minecraft:jungle_log":23,"minecraft:brown_mushroom_block":3,"minecraft:kelp":1,"minecraft:spawner":3,"minecraft:large_fern":1,"minecraft:spruce_sapling":3,"minecraft:furnace":2,"minecraft:iron_ore":16,"minecraft:andesite":87,"minecraft:pointed_dripstone":1,"minecraft:stone":86,"create:mechanical_press":3,"jeg:scrap_ore":6,"expore:exp_ore":4,"minecraft:kelp_plant":1,"minecraft:clay":2,"minecraft:crafting_table":5,"minecraft:torch":6,"minecraft:emerald_ore":1,"expore:deepslate_exp_ore":8,"minecraft:tall_grass":1,"minecraft:copper_ore":37,"minecraft:diorite":3,"minecraft:wall_torch":9,"create:basin":3,"minecraft:coarse_dirt":1,"minecraft:grass":19,"minecraft:oak_log":4,"minecraft:coal_ore":44,"create:hand_crank":1,"minecraft:sand":3,"minecraft:dirt":7,"minecraft:netherrack":124},"minecraft:picked_up":{"minecraft:crafting_table":5,"minecraft:clay_ball":8,"minecraft:brown_mushroom":3,"minecraft:string":1,"minecraft:raw_copper":130,"create:mechanical_press":3,"minecraft:redstone_torch":4,"create:basin":3,"minecraft:jungle_sapling":7,"minecraft:furnace":2,"minecraft:raw_iron":16,"minecraft:stick":3,"minecraft:torch":15,"create:andesite_casing":2,"create:hand_crank":1,"minecraft:pointed_dripstone":2,"minecraft:diorite":3,"gobber2:gobber2_foo":1,"minecraft:arrow":2,"minecraft:rotten_flesh":2,"minecraft:nether_bricks":2,"minecraft:obsidian":4,"minecraft:cobblestone":90,"minecraft:white_wool":3,"minecraft:birch_log":1,"minecraft:magma_block":3,"minecraft:jungle_log":26,"minecraft:andesite":87,"minecraft:red_mushroom":1,"create:raw_zinc":27,"minecraft:oak_log":4,"jeg:scrap":17,"minecraft:gunpowder":2,"minecraft:dirt":10,"minecraft:bone":4,"minecraft:kelp":2,"minecraft:wheat_seeds":3,"minecraft:stone_pickaxe":1,"minecraft:iron_ingot":11,"gobber2:gobber2_gooey_bread":1,"minecraft:oak_planks":1,"minecraft:sand":2,"minecraft:spruce_sapling":3,"minecraft:emerald":1,"minecraft:netherrack":132,"minecraft:coal":44,"gobber2:gobber2_goo":6},"minecraft:broken":{"minecraft:iron_pickaxe":1},"minecraft:used":{"minecraft:chest":2,"minecraft:netherrack":61,"minecraft:torch":57,"minecraft:dirt":5,"create:depot":1,"minecraft:obsidian":4,"minecraft:jungle_sapling":3,"minecraft:jungle_log":2,"minecraft:golden_sword":24,"minecraft:magma_block":3,"minecraft:furnace":3,"minecraft:cooked_beef":9,"minecraft:pointed_dripstone":2,"minecraft:water_bucket":5,"minecraft:stone_pickaxe":121,"minecraft:wooden_pickaxe":7,"minecraft:brown_mushroom":3,"minecraft:crafting_table":6,"minecraft:white_bed":1,"minecraft:redstone_torch":1,"create:mechanical_press":4,"minecraft:iron_pickaxe":360,"minecraft:spruce_sapling":3,"minecraft:stone_axe":64,"minecraft:fire_charge":1,"create:basin":4,"minecraft:cobblestone":2,"minecraft:bucket":5,"create:hand_crank":2,"minecraft:golden_pickaxe":4},"minecraft:dropped":{"minecraft:iron_ingot":1,"minecraft:wheat_seeds":3,"minecraft:stick":6,"minecraft:dirt":5,"minecraft:kelp":1,"minecraft:clay_ball":8,"minecraft:oak_planks":2,"minecraft:nether_bricks":2,"minecraft:gunpowder":2,"minecraft:andesite":1,"minecraft:redstone_torch":4,"minecraft:arrow":2,"minecraft:stone_pickaxe":2,"minecraft:wooden_pickaxe":1,"minecraft:ghast_tear":1,"minecraft:netherrack":12},"minecraft:killed":{"minecraft:spider":1,"creeperoverhaul:dripstone_creeper":1,"minecraft:skeleton":4,"minecraft:piglin_brute":2,"minecraft:sheep":3,"minecraft:zombie":2},"minecraft:custom":{"minecraft:mob_kills":13,"minecraft:interact_with_crafting_table":21,"minecraft:open_barrel":25,"minecraft:leave_game":7,"minecraft:time_since_death":77843,"minecraft:climb_one_cm":664,"minecraft:sprint_one_cm":125565,"minecraft:walk_one_cm":117802,"minecraft:drop":23,"minecraft:play_time":96688,"minecraft:deaths":1,"minecraft:sneak_time":5681,"minecraft:walk_under_water_one_cm":28239,"minecraft:jump":723,"minecraft:walk_on_water_one_cm":20687,"minecraft:total_world_time":96688,"minecraft:interact_with_furnace":10,"minecraft:sleep_in_bed":1,"minecraft:time_since_rest":22099,"minecraft:damage_taken":971,"minecraft:damage_dealt":3030,"minecraft:swim_one_cm":91150,"minecraft:fly_one_cm":581207,"minecraft:open_chest":39,"minecraft:crouch_one_cm":10858,"minecraft:fall_one_cm":24324,"minecraft:horse_one_cm":38505}},"DataVersion":3465}