{"stats":{"minecraft:dropped":{"minecraft:wheat_seeds":5,"narutoto:raikyu_scroll":1,"minecraft:cooked_porkchop":6,"minecraft:raw_iron":1,"narutoto:daitoppa_scroll":1,"minecraft:chicken":1,"minecraft:cobblestone":3,"minecraft:rotten_flesh":1,"minecraft:granite":30,"narutoto:shadow_clone_scroll":1,"narutoto:sharingan_genjutsu_scroll":3,"minecraft:dirt":32,"minecraft:mutton":2,"minecraft:wooden_axe":2,"narutoto:retsudo_tensho_scroll":2,"minecraft:wooden_pickaxe":1,"narutoto:fireball_scroll":3,"minecraft:bone":1},"minecraft:crafted":{"minecraft:oak_planks":76,"minecraft:cooked_porkchop":11,"minecraft:crafting_table":1,"minecraft:wooden_pickaxe":1,"minecraft:furnace":1,"minecraft:stone_axe":1,"minecraft:air":0,"minecraft:stick":8,"minecraft:stone_pickaxe":1,"minecraft:wooden_axe":1,"minecraft:white_bed":1,"minecraft:smoker":1},"minecraft:killed_by":{"narutoto:white_zetsu":1,"narutoto:uchiha_npc_3":1},"minecraft:picked_up":{"minecraft:wooden_axe":1,"minecraft:crafting_table":4,"narutoto:kunai_weapon":3,"minecraft:chicken":1,"minecraft:leather":2,"minecraft:smoker":1,"minecraft:oak_log":19,"minecraft:cornflower":2,"minecraft:dirt":62,"minecraft:cooked_mutton":1,"minecraft:bone":3,"minecraft:stone_bricks":1,"minecraft:wheat_seeds":6,"minecraft:beef":3,"minecraft:light_gray_wool":1,"minecraft:raw_iron":2,"narutoto:shadow_clone_scroll":2,"narutoto:silver_coin":10,"minecraft:dark_oak_sapling":1,"minecraft:stick":1,"minecraft:cooked_porkchop":3,"narutoto:copper_coin":20,"minecraft:big_dripleaf":3,"minecraft:dandelion":4,"minecraft:porkchop":13,"narutoto:shuriken_item":6,"minecraft:white_bed":2,"minecraft:dark_oak_log":16,"minecraft:mossy_stone_brick_slab":1,"narutoto:fireball_scroll":1,"minecraft:arrow":3,"minecraft:rotten_flesh":2,"waystones:waystone":2,"narutoto:sharingan_genjutsu_scroll":4,"minecraft:granite":30,"narutoto:daitoppa_scroll":1,"minecraft:black_wool":1,"minecraft:mutton":19,"minecraft:coal":37,"minecraft:cobblestone":13,"minecraft:white_wool":8},"minecraft:killed":{"narutoto:chunin_npc":1,"narutoto:ten_ten_npc":1,"minecraft:pig":5,"narutoto:genin_npc":1,"minecraft:spider":2,"minecraft:sheep":7,"minecraft:skeleton":1,"minecraft:zombie":5,"narutoto:uchiha_npc_3":1,"minecraft:cow":1,"minecraft:enderman":1},"minecraft:mined":{"minecraft:white_bed":2,"minecraft:mossy_stone_brick_slab":1,"minecraft:smoker":1,"minecraft:dark_oak_log":5,"minecraft:crafting_table":4,"minecraft:spruce_fence":1,"minecraft:grass_block":1,"minecraft:fire":23,"minecraft:birch_leaves":2,"minecraft:big_dripleaf_stem":1,"minecraft:grass":1,"minecraft:coal_ore":34,"minecraft:oak_log":19,"minecraft:dirt":3,"minecraft:stone_bricks":1,"minecraft:stone":10,"minecraft:oak_leaves":2},"minecraft:custom":{"minecraft:interact_with_anvil":3,"minecraft:mob_kills":28,"minecraft:interact_with_crafting_table":4,"minecraft:open_barrel":32,"minecraft:damage_dealt_resisted":39,"minecraft:leave_game":1,"minecraft:time_since_death":54385,"minecraft:sleep_in_bed":3,"minecraft:climb_one_cm":1713,"minecraft:damage_resisted":2646,"minecraft:waystone_activated":1,"minecraft:time_since_rest":54419,"minecraft:sprint_one_cm":218436,"minecraft:damage_taken":21310,"minecraft:walk_one_cm":216457,"minecraft:drop":36,"minecraft:damage_dealt":4175,"minecraft:swim_one_cm":12817,"minecraft:fly_one_cm":508194,"minecraft:player_kills":1,"minecraft:open_chest":11,"minecraft:crouch_one_cm":3151,"minecraft:play_time":149538,"minecraft:deaths":8,"minecraft:sneak_time":2787,"minecraft:walk_under_water_one_cm":13230,"minecraft:jump":986,"minecraft:walk_on_water_one_cm":8766,"minecraft:total_world_time":149538,"minecraft:interact_with_smoker":4,"minecraft:fall_one_cm":392848},"minecraft:used":{"minecraft:cooked_mutton":1,"minecraft:stone_pickaxe":48,"minecraft:wooden_pickaxe":6,"minecraft:mossy_stone_brick_slab":1,"narutoto:kunai_weapon":3,"minecraft:torch":1,"minecraft:dirt":5,"minecraft:crafting_table":4,"minecraft:white_bed":3,"minecraft:smoker":1,"minecraft:big_dripleaf":3,"minecraft:wooden_axe":12,"minecraft:black_wool":1,"minecraft:bread":2,"minecraft:stone_bricks":1,"minecraft:stone_axe":42,"minecraft:cooked_porkchop":8,"minecraft:cooked_beef":10,"minecraft:dandelion":4,"minecraft:dark_oak_sapling":1}},"DataVersion":3465}