{"stats":{"minecraft:crafted":{"minecraft:oak_planks":112,"minecraft:crafting_table":1,"minecraft:stick":8,"minecraft:wooden_pickaxe":1,"minecraft:stone_pickaxe":1,"minecraft:wooden_axe":1,"minecraft:white_bed":1,"minecraft:stone_axe":1},"minecraft:dropped":{"minecraft:moss_carpet":3,"minecraft:oak_log":1,"minecraft:cobbled_deepslate":1,"minecraft:wooden_axe":1,"minecraft:rotten_flesh":2,"minecraft:arrow":2,"minecraft:wooden_pickaxe":1,"minecraft:string":2,"narutoto:select_ninja":1,"minecraft:white_bed":1,"minecraft:cod":1,"minecraft:bone":1,"minecraft:stick":1},"minecraft:killed_by":{"narutoto:orochimaru_npc":2,"narutoto:gamabunta":1,"narutoto:genin_npc":1,"narutoto:uchiha_npc_2":1,"narutoto:gaara_npc":2},"minecraft:picked_up":{"narutoto:silver_coin":3,"narutoto:mizuranpa_scroll":1,"minecraft:raw_iron":5,"minecraft:stick":5,"minecraft:crafting_table":3,"minecraft:chicken":1,"narutoto:copper_coin":2,"minecraft:oak_log":29,"narutoto:shuriken_item":5,"minecraft:white_bed":3,"minecraft:moss_carpet":3,"minecraft:string":3,"minecraft:dirt":9,"minecraft:raw_copper":1,"narutoto:select_ninja":2,"narutoto:fireball_scroll":1,"minecraft:bone":1,"minecraft:arrow":3,"minecraft:rotten_flesh":2,"minecraft:cobbled_deepslate":1,"narutoto:sharingan_genjutsu_scroll":1,"minecraft:oak_sapling":1,"narutoto:daitoppa_scroll":1,"minecraft:cod":1,"minecraft:mutton":4,"minecraft:coal":10,"minecraft:white_wool":3,"minecraft:cobblestone":7},"minecraft:mined":{"minecraft:white_bed":2,"minecraft:iron_ore":5,"minecraft:fire":1,"minecraft:crafting_table":3,"minecraft:coal_ore":11,"minecraft:oak_log":29,"minecraft:stone":6,"minecraft:oak_leaves":1,"minecraft:spawner":1},"minecraft:used":{"minecraft:wooden_axe":25,"minecraft:stone_pickaxe":17,"minecraft:wooden_pickaxe":6,"minecraft:zombie_spawn_egg":3,"minecraft:stone_axe":2,"minecraft:crafting_table":3,"minecraft:oak_sapling":1,"minecraft:white_bed":2,"minecraft:cooked_beef":8},"minecraft:custom":{"minecraft:time_since_rest":371,"minecraft:sprint_one_cm":117420,"minecraft:damage_taken":5520,"minecraft:walk_one_cm":117039,"minecraft:mob_kills":6,"minecraft:drop":17,"minecraft:damage_dealt":208,"minecraft:swim_one_cm":25190,"minecraft:interact_with_crafting_table":3,"minecraft:fly_one_cm":191601,"minecraft:open_chest":7,"minecraft:crouch_one_cm":1625,"minecraft:play_time":35294,"minecraft:deaths":9,"minecraft:sneak_time":849,"minecraft:walk_under_water_one_cm":11583,"minecraft:jump":265,"minecraft:leave_game":2,"minecraft:time_since_death":341,"minecraft:walk_on_water_one_cm":7700,"minecraft:sleep_in_bed":1,"minecraft:climb_one_cm":152,"minecraft:total_world_time":35294,"minecraft:fall_one_cm":98544}},"DataVersion":3465}