{"stats":{"minecraft:killed":{"minecraft:vex":1,"minecraft:spider":6,"minecraft:vindicator":1,"iceandfire:dread_beast":15,"minecraft:slime":3,"minecraft:skeleton":8,"iceandfire:dread_thrall":10,"minecraft:chicken":3,"minecraft:illusioner":1,"iceandfire:dread_scuttler":28,"minecraft:piglin_brute":8,"minecraft:magma_cube":1,"minecraft:piglin":4,"minecraft:zombie_villager":1,"iceandfire:troll":4,"minecraft:creeper":3,"minecraft:sheep":4,"minecraft:pillager":1,"minecraft:zombie":16,"iceandfire:ghost":1,"iceandfire:ice_dragon":1,"iceandfire:dread_ghoul":2,"minecraft:cow":6,"minecraft:enderman":13},"minecraft:custom":{"minecraft:mob_kills":145,"minecraft:interact_with_crafting_table":23,"minecraft:open_barrel":7,"minecraft:leave_game":3,"minecraft:time_since_death":1695,"minecraft:climb_one_cm":1378,"minecraft:sprint_one_cm":301545,"minecraft:walk_one_cm":349544,"minecraft:drop":66,"minecraft:play_time":202194,"minecraft:deaths":30,"minecraft:sneak_time":9143,"minecraft:walk_under_water_one_cm":26791,"minecraft:jump":2884,"minecraft:walk_on_water_one_cm":32321,"minecraft:total_world_time":202194,"minecraft:interact_with_furnace":13,"minecraft:sleep_in_bed":8,"minecraft:time_since_rest":1722,"minecraft:damage_taken":15510,"minecraft:damage_dealt":59506,"minecraft:swim_one_cm":14402,"minecraft:fly_one_cm":800609,"minecraft:player_kills":3,"minecraft:open_chest":35,"minecraft:crouch_one_cm":32565,"minecraft:fall_one_cm":108142},"minecraft:dropped":{"minecraft:clay":1,"minecraft:warped_stem":2,"iceandfire:raw_silver":2,"minecraft:wheat_seeds":1,"minecraft:cherry_log":1,"iceandfire:silver_axe":1,"immersive_paintings:glow_painting":1,"minecraft:crossbow":1,"minecraft:cobblestone":8,"minecraft:warped_roots":4,"iceandfire:ectoplasm":1,"iceandfire:dread_stone_bricks_cracked":6,"minecraft:tropical_fish":1,"minecraft:grass_block":2,"minecraft:coal":1,"minecraft:spruce_leaves":1,"minecraft:diorite":8,"minecraft:mutton":1,"minecraft:wooden_axe":2,"minecraft:iron_leggings":2,"minecraft:polished_blackstone_bricks":7,"minecraft:sand":7,"minecraft:white_wool":4,"iceandfire:dread_shard":16,"minecraft:gold_ingot":2,"minecraft:blackstone":1,"minecraft:warped_nylium":3,"minecraft:nether_brick":8,"minecraft:rotten_flesh":6,"minecraft:clay_ball":4,"minecraft:iron_boots":1,"biomesoplenty:icy_iris":1,"minecraft:white_bed":1,"biomesoplenty:white_petals":4,"iceandfire:dragon_ice":1,"biomesoplenty:fir_planks":16,"minecraft:gunpowder":3,"iceandfire:silver_ingot":1,"minecraft:beef":4,"minecraft:arrow":3,"minecraft:wooden_pickaxe":2,"minecraft:stone_pickaxe":3,"biomesoplenty:flesh":1,"minecraft:netherrack":4,"minecraft:quartz":10,"minecraft:oak_leaves":1,"iceandfire:silver_pickaxe":1},"minecraft:picked_up":{"minecraft:wooden_axe":1,"iceandfire:dread_stone_bricks":19,"minecraft:crafting_table":7,"minecraft:clay_ball":4,"biomesoplenty:flesh":1,"minecraft:wooden_pickaxe":1,"minecraft:gold_block":6,"iceandfire:troll_weapon_trunk_frost":1,"minecraft:nether_brick":8,"minecraft:string":2,"minecraft:iron_leggings":2,"minecraft:blackstone":1,"minecraft:cobbled_deepslate":10,"minecraft:beef":4,"biomesoplenty:fir_planks":21,"minecraft:spruce_planks":4,"iceandfire:dread_knight_sword":1,"iceandfire:dread_shard":10,"immersive_paintings:glow_painting":1,"minecraft:furnace":1,"minecraft:iron_boots":1,"minecraft:egg":5,"minecraft:raw_iron":8,"minecraft:stick":2,"iceandfire:dragonbone":12,"minecraft:torch":27,"minecraft:fire_charge":1,"minecraft:polished_blackstone_bricks":7,"minecraft:cherry_log":1,"minecraft:diorite":8,"iceandfire:dragon_skull_ice":1,"biomesoplenty:icy_iris":1,"minecraft:diamond_chestplate":1,"minecraft:arrow":5,"minecraft:rotten_flesh":6,"minecraft:tropical_fish":1,"iceandfire:dragonscales_silver":9,"travelersbackpack:chicken":1,"biomesoplenty:white_petals":4,"minecraft:gold_ingot":3,"minecraft:obsidian":8,"minecraft:mutton":1,"minecraft:snowball":12,"minecraft:white_wool":4,"minecraft:cobblestone":93,"iceandfire:silver_axe":1,"minecraft:magma_block":6,"minecraft:feather":3,"minecraft:leather":4,"biomesoplenty:fir_log":28,"iceandfire:ectoplasm":1,"iceandfire:dread_stone_bricks_cracked":9,"minecraft:gunpowder":3,"minecraft:bone":2,"minecraft:apple":1,"minecraft:stone_bricks":3,"minecraft:wheat_seeds":1,"iceandfire:troll_leather_frost":3,"minecraft:warped_stem":2,"minecraft:stone_pickaxe":1,"minecraft:book":6,"minecraft:quartz":10,"minecraft:sand":27,"minecraft:white_bed":1,"minecraft:spruce_log":7,"minecraft:crying_obsidian":2,"minecraft:spider_eye":2,"iceandfire:dragon_bone_block":3,"travelersbackpack:white_sleeping_bag":5,"minecraft:polished_andesite":2,"minecraft:clay":1,"minecraft:slime_ball":3,"iceandfire:dread_stone_bricks_mossy":3,"iceandfire:silver_nugget":14,"iceandfire:dragon_ice":1,"minecraft:cracked_polished_blackstone_bricks":1,"minecraft:crossbow":1,"iceandfire:ice_dragon_flesh":4,"minecraft:warped_roots":4,"minecraft:emerald":1,"minecraft:warped_nylium":5,"minecraft:netherrack":255,"minecraft:coal":80,"minecraft:sunflower":1,"iceandfire:raw_silver":2,"minecraft:ender_pearl":8},"minecraft:broken":{"iceandfire:dread_knight_sword":1,"minecraft:iron_chestplate":1,"iceandfire:frost_troll_leather_helmet":1,"minecraft:stone_axe":1},"minecraft:crafted":{"iceandfire:frost_troll_leather_helmet":1,"minecraft:furnace":1,"travelersbackpack:enderman":1,"minecraft:glass":13,"minecraft:stone_pickaxe":1,"minecraft:chest":1,"iceandfire:silver_axe":1,"iceandfire:dragonbone_sword":1,"minecraft:crafting_table":2,"minecraft:spruce_planks":28,"travelersbackpack:backpack_tank":2,"minecraft:wooden_pickaxe":1,"travelersbackpack:standard":2,"travelersbackpack:chicken":1,"iceandfire:dragonbone_pickaxe":1,"minecraft:air":0,"biomesoplenty:fir_planks":112,"iceandfire:dragonbone":9,"iceandfire:dragonbone_sword_ice":1,"minecraft:stick":24,"minecraft:iron_ingot":4,"minecraft:wooden_axe":1,"minecraft:torch":56,"iceandfire:silver_pickaxe":1,"minecraft:shears":1},"minecraft:used":{"minecraft:spruce_planks":62,"minecraft:netherrack":149,"minecraft:torch":76,"minecraft:dirt":4,"minecraft:skeleton_spawn_egg":2,"iceandfire:deathworm_yellow_chestplate":1,"minecraft:axolotl_bucket":1,"minecraft:snowball":12,"minecraft:obsidian":6,"minecraft:glass":1,"minecraft:lava_bucket":7,"immersive_paintings:painting":11,"minecraft:grass_block":115,"minecraft:warped_nylium":2,"immersive_paintings:glow_graffiti":2,"iceandfire:dragonsteel_fire_boots":1,"minecraft:stone_bricks":2,"minecraft:furnace":3,"minecraft:egg":1,"iceandfire:dragonbone_pickaxe":477,"minecraft:cooked_beef":43,"travelersbackpack:enderman":2,"minecraft:cobbled_deepslate":10,"iceandfire:deathworm_yellow_helmet":1,"minecraft:water_bucket":50,"travelersbackpack:cow":2,"minecraft:stone_pickaxe":174,"minecraft:polished_andesite":2,"iceandfire:dragonbone_sword_ice":36,"minecraft:wooden_pickaxe":13,"biomesoplenty:fir_planks":34,"iceandfire:dread_knight_sword":342,"iceandfire:dread_stone_bricks":19,"minecraft:oak_leaves":12,"iceandfire:troll_weapon_trunk_frost":8,"iceandfire:deathworm_yellow_boots":1,"iceandfire:dragonsteel_fire_leggings":1,"minecraft:crafting_table":8,"travelersbackpack:chicken":8,"immersive_paintings:glow_painting":3,"minecraft:crossbow":1,"iceandfire:dragonsteel_fire_chestplate":1,"iceandfire:silver_axe":121,"immersive_paintings:graffiti":2,"iceandfire:silver_pickaxe":95,"minecraft:apple":1,"iceandfire:frost_troll_leather_helmet":1,"minecraft:crying_obsidian":2,"minecraft:sunflower":1,"minecraft:bread":1,"iceandfire:deathworm_yellow_leggings":1,"travelersbackpack:white_sleeping_bag":4,"minecraft:stone_axe":94,"minecraft:fire_charge":1,"minecraft:diamond_sword":5,"iceandfire:dragonsteel_fire_helmet":1,"minecraft:cobblestone":71,"minecraft:bucket":62,"iceandfire:dread_stone_bricks_cracked":3},"minecraft:killed_by":{"minecraft:player":1,"iceandfire:dread_scuttler":1,"minecraft:creeper":1,"iceandfire:hydra":10,"minecraft:vindicator":4,"iceandfire:troll":1,"minecraft:vex":2},"minecraft:mined":{"minecraft:spruce_planks":4,"minecraft:white_bed":1,"minecraft:obsidian":8,"minecraft:cracked_polished_blackstone_bricks":2,"iceandfire:deepslate_silver_ore":2,"iceandfire:dread_spawner":5,"travelersbackpack:white_sleeping_bag":5,"minecraft:spruce_leaves":17,"minecraft:polished_blackstone_bricks":6,"minecraft:magma_block":12,"minecraft:furnace":1,"biomesoplenty:icy_iris":1,"minecraft:iron_ore":7,"minecraft:fire":3,"travelersbackpack:chicken":1,"iceandfire:dragon_bone_block":3,"minecraft:gold_block":6,"minecraft:bookshelf":3,"biomesoplenty:rainbow_birch_leaves":7,"minecraft:stone":79,"iceandfire:dread_stone_bricks_cracked":11,"minecraft:blackstone":2,"minecraft:clay":1,"minecraft:crafting_table":7,"minecraft:torch":11,"biomesoplenty:fir_planks":5,"minecraft:warped_roots":4,"minecraft:chest":1,"minecraft:rose_bush":2,"minecraft:nether_quartz_ore":10,"minecraft:cobblestone":7,"biomesoplenty:sprout":3,"minecraft:diorite":8,"minecraft:wall_torch":10,"minecraft:warped_nylium":4,"minecraft:ice":4,"minecraft:spruce_log":7,"biomesoplenty:fir_log":28,"minecraft:grass":5,"iceandfire:dread_stone_bricks_mossy":4,"minecraft:coal_ore":81,"minecraft:sand":20,"minecraft:sunflower":2,"minecraft:dirt":1,"minecraft:polished_andesite":2,"minecraft:stone_bricks":2,"minecraft:netherrack":381,"minecraft:fern":1,"iceandfire:dread_stone_bricks":28,"minecraft:deepslate":10}},"DataVersion":3465}