{"stats":{"minecraft:mined":{"create:andesite_casing":5,"minecraft:obsidian":6,"minecraft:grass_block":3,"gobber2:gobber2_lucky_block":18,"minecraft:jungle_log":25,"minecraft:spawner":6,"minecraft:glowstone":3,"minecraft:iron_ore":27,"minecraft:fire":32,"gobber2:gobber2_ore_nether":10,"minecraft:pointed_dripstone":1,"regions_unexplored:silt_grass_block":9,"create:mechanical_press":3,"expore:exp_ore":7,"minecraft:blackstone":5,"minecraft:kelp_plant":1,"minecraft:orange_terracotta":1,"minecraft:clay":2,"minecraft:torch":10,"expore:deepslate_exp_ore":19,"gobber2:gobber2_lucky_block_nether":9,"minecraft:nether_quartz_ore":4,"minecraft:wall_torch":10,"create:basin":3,"minecraft:blue_terracotta":2,"minecraft:tnt":7,"regions_unexplored:palm_planks":10,"minecraft:grass":20,"minecraft:oak_log":4,"regions_unexplored:eucalyptus_sapling":8,"regions_unexplored:eucalyptus_log":56,"create:hand_crank":3,"minecraft:sand":7,"minecraft:dirt":7,"minecraft:netherrack":760,"minecraft:ancient_debris":4,"regions_unexplored:mycotoxic_grass":1,"create:zinc_ore":27,"minecraft:nether_gold_ore":4,"minecraft:deepslate_diamond_ore":7,"minecraft:nether_bricks":4,"regions_unexplored:palm_stairs":2,"create:large_cogwheel":1,"minecraft:brown_mushroom_block":17,"create:encased_fan":1,"minecraft:kelp":1,"minecraft:sandstone":18,"minecraft:large_fern":1,"minecraft:spruce_sapling":3,"minecraft:furnace":2,"regions_unexplored:waratah":5,"regions_unexplored:palm_trapdoor":4,"minecraft:andesite":87,"regions_unexplored:eucalyptus_shrub":1,"minecraft:bookshelf":3,"minecraft:cobblestone_slab":1,"minecraft:deepslate_iron_ore":1,"minecraft:stone":89,"jeg:scrap_ore":6,"expore:nether_exp_ore":36,"minecraft:crafting_table":8,"create:creative_motor":3,"minecraft:emerald_ore":1,"minecraft:tall_grass":4,"minecraft:copper_ore":37,"minecraft:diorite":3,"minecraft:coarse_dirt":1,"minecraft:trapped_chest":1,"regions_unexplored:redstone_bud":1,"minecraft:coal_ore":67,"regions_unexplored:palm_log":160,"minecraft:gravel":2,"minecraft:fern":1},"minecraft:crafted":{"minecraft:oak_planks":16,"minecraft:cobblestone_slab":6,"regions_unexplored:eucalyptus_slab":6,"minecraft:blaze_powder":4,"gobber2:gobber2_pickaxe_nether":1,"gobber2:gobber2_chestplate_nether":1,"minecraft:glass":2,"minecraft:iron_boots":1,"create:mechanical_press":1,"gobber2:gobber2_boots_nether":1,"minecraft:chest":6,"create:cogwheel":2,"regions_unexplored:palm_boat":1,"regions_unexplored:palm_planks":628,"create:depot":2,"gobber2:gobber2_ingot":6,"gobber2:gobber2_ingot_nether":9,"gobber2:gobber2_glob_nether":3,"minecraft:crafting_table":4,"minecraft:wooden_pickaxe":1,"minecraft:iron_helmet":1,"magistuarmory:iron_zweihander":1,"minecraft:smithing_table":1,"minecraft:golden_pickaxe":1,"minecraft:copper_ingot":64,"magistuarmory:iron_flamebladedsword":1,"minecraft:brewing_stand":1,"minecraft:birch_planks":4,"gobber2:gobber2_helmet_nether":1,"create:mechanical_mixer":1,"create:encased_fan":1,"gobber2:gobber2_leggings_nether":1,"minecraft:iron_chestplate":1,"minecraft:diamond_pickaxe":1,"minecraft:shield":1,"minecraft:stick":40,"minecraft:iron_ingot":28,"gobber2:gobber2_hammer_nether":1,"minecraft:iron_pickaxe":2,"minecraft:iron_block":1,"create:large_cogwheel":1,"create:propeller":1,"minecraft:netherite_ingot":1,"create:empty_blaze_burner":1,"create:wrench":1,"minecraft:iron_nugget":54,"minecraft:furnace":3,"minecraft:bone_meal":9,"regions_unexplored:palm_stairs":40,"gobber2:gobber2_glob":2,"minecraft:iron_axe":1,"relics:researching_table":1,"minecraft:stone_pickaxe":1,"create:basin":1,"minecraft:netherite_scrap":4,"regions_unexplored:palm_trapdoor":4,"minecraft:coal_block":2,"create:andesite_alloy":26,"create:hand_crank":2,"minecraft:enchanting_table":1,"create:goggles":1,"minecraft:bucket":1,"minecraft:stone_axe":1,"minecraft:glowstone":2,"minecraft:jungle_planks":48,"minecraft:air":0,"regions_unexplored:eucalyptus_planks":12,"create:whisk":1,"minecraft:gold_nugget":9,"minecraft:iron_leggings":1,"minecraft:white_bed":1,"minecraft:andesite":6,"create:shaft":8,"minecraft:torch":24,"create:zinc_ingot":24},"minecraft:picked_up":{"minecraft:iron_chestplate":1,"regions_unexplored:silt_dirt":9,"minecraft:enchanted_book":1,"minecraft:string":2,"minecraft:raw_copper":130,"minecraft:netherite_ingot":1,"minecraft:iron_leggings":3,"gobber2:gobber2_sword_nether":1,"gobber2:gobber2_glass_nether":1,"minecraft:experience_bottle":2,"create:mechanical_press":3,"minecraft:gold_nugget":3,"minecraft:redstone_torch":4,"minecraft:cobblestone_slab":1,"minecraft:iron_boots":1,"minecraft:furnace":2,"minecraft:stick":95,"minecraft:torch":26,"create:andesite_casing":5,"minecraft:pointed_dripstone":2,"minecraft:diorite":3,"regions_unexplored:palm_stairs":2,"gobber2:gobber2_foo":2,"create:large_cogwheel":1,"regions_unexplored:palm_trapdoor":3,"minecraft:cactus":2,"minecraft:rotten_flesh":6,"minecraft:blaze_rod":7,"minecraft:obsidian":10,"minecraft:cobblestone":93,"minecraft:birch_log":1,"minecraft:magma_block":3,"minecraft:jungle_log":28,"minecraft:andesite":87,"regions_unexplored:palm_boat":3,"minecraft:flint":4,"minecraft:tuff":2,"create:raw_zinc":30,"jeg:scrap":17,"gobber2:gobber2_gooey_bread_nether":2,"minecraft:wither_skeleton_skull":2,"minecraft:dirt":10,"minecraft:bone":7,"minecraft:wheat_seeds":3,"gobber2:gobber2_globette":22,"minecraft:glowstone_dust":10,"minecraft:oak_planks":1,"gobber2:gobber2_gooey_bread":1,"regions_unexplored:palm_sapling":24,"gobber2:gobber2_rod_nether":5,"relics:hunter_belt":2,"minecraft:sand":2,"regions_unexplored:palm_log":157,"minecraft:diamond":7,"minecraft:crossbow":2,"minecraft:emerald":1,"minecraft:bread":10,"minecraft:netherrack":1370,"gobber2:gobber2_goo":6,"minecraft:crafting_table":8,"minecraft:clay_ball":8,"minecraft:brown_mushroom":22,"minecraft:gold_block":2,"minecraft:moss_carpet":5,"minecraft:netherite_scrap":2,"create:basin":3,"minecraft:jungle_sapling":7,"relics:drowned_belt":2,"minecraft:egg":1,"minecraft:raw_iron":28,"create:hand_crank":3,"minecraft:redstone":14,"minecraft:tnt":7,"gobber2:gobber2_globette_nether":37,"minecraft:arrow":4,"regions_unexplored:eucalyptus_shrub":2,"minecraft:nether_bricks":2,"gobber2:gobber2_gooey_beef_nether":2,"magistuarmory:iron_flamebladedsword":1,"relics:reflection_necklace":1,"minecraft:white_wool":3,"minecraft:rail":2,"create:iron_sheet":4,"regions_unexplored:palm_planks":10,"regions_unexplored:eucalyptus_log":56,"gobber2:gobber2_ingot":3,"minecraft:red_mushroom":5,"minecraft:oak_log":4,"minecraft:lily_pad":9,"minecraft:ancient_debris":4,"minecraft:golden_boots":2,"minecraft:gunpowder":2,"regions_unexplored:waratah":5,"minecraft:kelp":2,"minecraft:iron_ingot":63,"minecraft:stone_pickaxe":1,"gobber2:gobber2_gooey_beefstew_nether":1,"minecraft:book":9,"regions_unexplored:eucalyptus_sapling":18,"minecraft:quartz":9,"minecraft:gravel":50,"gobber2:gobber2_helmet_nether":1,"waystones:attuned_shard":1,"minecraft:spruce_sapling":3,"create:creative_motor":3,"create:encased_fan":1,"minecraft:iron_helmet":4,"minecraft:coal":67,"gobber2:gobber2_goo_nether":3},"minecraft:broken":{"minecraft:golden_chestplate":1,"minecraft:iron_axe":1,"minecraft:iron_pickaxe":1},"minecraft:used":{"regions_unexplored:silt_dirt":8,"minecraft:chest":6,"minecraft:shield":16,"gobber2:gobber2_sword_nether":36,"minecraft:soul_sand":4,"regions_unexplored:waratah":4,"create:depot":2,"magistuarmory:iron_flamebladedsword":14,"minecraft:obsidian":14,"minecraft:jungle_sapling":3,"minecraft:lava_bucket":14,"gobber2:gobber2_bow_nether":44,"minecraft:golden_sword":24,"minecraft:magma_block":3,"minecraft:furnace":5,"minecraft:egg":1,"regions_unexplored:palm_stairs":33,"relics:researching_table":1,"minecraft:wither_skeleton_skull":3,"minecraft:stone_pickaxe":121,"minecraft:wooden_pickaxe":7,"gobber2:gobber2_paxel_nether":10,"minecraft:crossbow":1,"minecraft:redstone_torch":1,"regions_unexplored:palm_planks":332,"minecraft:fire_charge":1,"create:basin":4,"minecraft:smithing_table":1,"minecraft:bone_meal":9,"create:large_cogwheel":1,"minecraft:golden_pickaxe":4,"regions_unexplored:palm_boat":2,"minecraft:oak_fence":1,"minecraft:enchanting_table":1,"minecraft:flint_and_steel":74,"regions_unexplored:eucalyptus_sapling":11,"gobber2:gobber2_pickaxe_nether":46,"regions_unexplored:silt_grass_block":2,"minecraft:netherrack":222,"minecraft:torch":138,"minecraft:brewing_stand":1,"minecraft:dirt":5,"create:mechanical_mixer":1,"regions_unexplored:palm_trapdoor":5,"minecraft:bookshelf":30,"create:wrench":1,"minecraft:iron_axe":300,"minecraft:jungle_log":7,"regions_unexplored:palm_sapling":24,"create:creative_motor":3,"regions_unexplored:eucalyptus_shrub":1,"minecraft:cooked_beef":48,"minecraft:pointed_dripstone":2,"minecraft:water_bucket":76,"gobber2:gobber2_hammer_nether":1,"minecraft:brown_mushroom":3,"minecraft:cobblestone_slab":8,"create:blaze_burner":1,"create:encased_fan":2,"minecraft:tnt":112,"minecraft:crafting_table":9,"minecraft:white_bed":1,"minecraft:diamond_pickaxe":657,"create:mechanical_press":4,"minecraft:iron_pickaxe":481,"minecraft:spruce_sapling":3,"gobber2:gobber2_gooey_beefstew_nether":1,"minecraft:stone_axe":66,"minecraft:cobblestone":9,"minecraft:potion":2,"minecraft:bucket":88,"create:hand_crank":6,"gobber2:gobber2_gooey_beef_nether":2},"minecraft:dropped":{"minecraft:brown_mushroom":12,"minecraft:cooked_beef":4,"minecraft:glass_bottle":1,"minecraft:crossbow":2,"minecraft:red_mushroom":4,"minecraft:flint":9,"regions_unexplored:palm_planks":1,"minecraft:dirt":5,"minecraft:netherite_scrap":2,"gobber2:gobber2_goo_nether":3,"gobber2:gobber2_gooey_bread_nether":2,"regions_unexplored:palm_trapdoor":3,"minecraft:gold_nugget":9,"create:iron_sheet":4,"regions_unexplored:palm_boat":1,"minecraft:iron_pickaxe":1,"regions_unexplored:palm_stairs":9,"regions_unexplored:eucalyptus_shrub":1,"gobber2:gobber2_sword_nether":1,"minecraft:oak_planks":2,"minecraft:gunpowder":2,"gobber2:gobber2_helmet_nether":1,"minecraft:arrow":2,"minecraft:ghast_tear":1,"minecraft:netherrack":189,"minecraft:golden_boots":2,"minecraft:iron_ingot":54,"gobber2:gobber2_ingot":3,"minecraft:wheat_seeds":3,"magistuarmory:iron_flamebladedsword":1,"minecraft:iron_helmet":4,"minecraft:copper_ingot":166,"gobber2:gobber2_glass_nether":1,"minecraft:stick":28,"minecraft:iron_leggings":3,"minecraft:cactus":2,"minecraft:lily_pad":8,"create:raw_zinc":3,"minecraft:redstone":5,"minecraft:moss_carpet":5,"minecraft:kelp":1,"minecraft:netherite_ingot":1,"minecraft:clay_ball":8,"minecraft:iron_boots":1,"minecraft:nether_bricks":2,"create:zinc_ingot":96,"minecraft:iron_chestplate":1,"minecraft:andesite":13,"minecraft:redstone_torch":4,"minecraft:stone_pickaxe":2,"minecraft:wooden_pickaxe":1},"minecraft:killed":{"minecraft:spider":1,"creeperoverhaul:dripstone_creeper":1,"minecraft:skeleton":11,"minecraft:silverfish":2,"minecraft:piglin_brute":2,"minecraft:sheep":3,"minecraft:pillager":9,"minecraft:zombie":7,"minecraft:blaze":15,"minecraft:vindicator":2,"endermanoverhaul:soulsand_valley_enderman":1,"minecraft:ravager":1},"minecraft:killed_by":{"minecraft:wither":1},"minecraft:custom":{"minecraft:interact_with_crafting_table":72,"minecraft:open_barrel":26,"minecraft:leave_game":9,"minecraft:time_since_death":20257,"minecraft:sprint_one_cm":403771,"minecraft:damage_blocked_by_shield":330,"minecraft:drop":166,"minecraft:play_time":359959,"minecraft:deaths":2,"minecraft:jump":6926,"minecraft:interact_with_brewingstand":2,"minecraft:walk_on_water_one_cm":67518,"minecraft:enchant_item":5,"minecraft:interact_with_furnace":45,"minecraft:sleep_in_bed":6,"minecraft:waystone_activated":1,"minecraft:damage_dealt":9075,"minecraft:crouch_one_cm":46880,"minecraft:horse_one_cm":38505,"minecraft:interact_with_smithing_table":2,"minecraft:mob_kills":56,"minecraft:damage_dealt_resisted":646,"minecraft:climb_one_cm":2095,"minecraft:walk_one_cm":452244,"minecraft:raid_win":1,"minecraft:sneak_time":16217,"minecraft:walk_under_water_one_cm":66056,"minecraft:boat_one_cm":245385,"minecraft:interact_with_blast_furnace":1,"minecraft:total_world_time":359959,"minecraft:time_since_rest":20292,"minecraft:damage_taken":4422,"minecraft:trigger_trapped_chest":2,"minecraft:swim_one_cm":140183,"minecraft:fly_one_cm":1558993,"minecraft:open_chest":179,"minecraft:fall_one_cm":63420}},"DataVersion":3465}