{"stats":{"minecraft:dropped":{"minecraft:wheat_seeds":2,"narutoto:raikyu_scroll":1,"minecraft:cooked_porkchop":6,"narutoto:daitoppa_scroll":1,"minecraft:wooden_axe":2,"narutoto:retsudo_tensho_scroll":2,"minecraft:wooden_pickaxe":1,"narutoto:fireball_scroll":2,"minecraft:bone":1},"minecraft:crafted":{"minecraft:oak_planks":76,"minecraft:cooked_porkchop":11,"minecraft:crafting_table":1,"minecraft:wooden_pickaxe":1,"minecraft:furnace":1,"minecraft:stone_axe":1,"minecraft:air":0,"minecraft:stick":8,"minecraft:stone_pickaxe":1,"minecraft:wooden_axe":1,"minecraft:white_bed":1,"minecraft:smoker":1},"minecraft:killed_by":{"narutoto:white_zetsu":1,"narutoto:uchiha_npc_3":1},"minecraft:picked_up":{"minecraft:wooden_axe":1,"minecraft:crafting_table":4,"narutoto:kunai_weapon":1,"minecraft:leather":2,"minecraft:smoker":1,"minecraft:oak_log":19,"minecraft:dirt":30,"minecraft:bone":3,"minecraft:wheat_seeds":2,"minecraft:beef":3,"minecraft:light_gray_wool":1,"narutoto:silver_coin":3,"minecraft:dark_oak_sapling":1,"minecraft:stick":1,"minecraft:cooked_porkchop":3,"narutoto:copper_coin":6,"minecraft:porkchop":13,"minecraft:white_bed":1,"minecraft:dark_oak_log":16,"minecraft:arrow":3,"minecraft:rotten_flesh":1,"waystones:waystone":1,"narutoto:daitoppa_scroll":1,"minecraft:black_wool":1,"minecraft:mutton":17,"minecraft:coal":35,"minecraft:cobblestone":10,"minecraft:white_wool":7},"minecraft:killed":{"minecraft:pig":5,"minecraft:spider":2,"minecraft:sheep":7,"minecraft:skeleton":1,"minecraft:zombie":2,"minecraft:enderman":1},"minecraft:mined":{"minecraft:white_bed":1,"minecraft:smoker":1,"minecraft:dark_oak_log":5,"minecraft:crafting_table":4,"minecraft:spruce_fence":1,"minecraft:grass_block":1,"minecraft:fire":16,"minecraft:birch_leaves":2,"minecraft:coal_ore":34,"minecraft:oak_log":19,"minecraft:dirt":3,"minecraft:stone":10,"minecraft:oak_leaves":2},"minecraft:used":{"minecraft:stone_pickaxe":45,"minecraft:wooden_pickaxe":6,"narutoto:kunai_weapon":3,"minecraft:dirt":5,"minecraft:crafting_table":4,"minecraft:white_bed":2,"minecraft:smoker":1,"minecraft:wooden_axe":12,"minecraft:black_wool":1,"minecraft:bread":2,"minecraft:stone_axe":42,"minecraft:cooked_porkchop":8,"minecraft:dark_oak_sapling":1},"minecraft:custom":{"minecraft:mob_kills":19,"minecraft:interact_with_crafting_table":4,"minecraft:open_barrel":32,"minecraft:time_since_death":23408,"minecraft:sleep_in_bed":3,"minecraft:climb_one_cm":1030,"minecraft:waystone_activated":1,"minecraft:time_since_rest":476,"minecraft:sprint_one_cm":114645,"minecraft:damage_taken":4316,"minecraft:walk_one_cm":117837,"minecraft:drop":18,"minecraft:damage_dealt":1754,"minecraft:swim_one_cm":5578,"minecraft:fly_one_cm":190749,"minecraft:player_kills":1,"minecraft:open_chest":5,"minecraft:crouch_one_cm":1903,"minecraft:play_time":59359,"minecraft:deaths":2,"minecraft:sneak_time":1455,"minecraft:walk_under_water_one_cm":4435,"minecraft:jump":442,"minecraft:walk_on_water_one_cm":3585,"minecraft:total_world_time":59359,"minecraft:interact_with_smoker":4,"minecraft:fall_one_cm":177557}},"DataVersion":3465}