{"stats":{"minecraft:custom":{"minecraft:time_since_rest":47367,"minecraft:crouch_one_cm":163,"minecraft:sprint_one_cm":10401,"minecraft:play_time":47367,"minecraft:damage_taken":115,"minecraft:walk_one_cm":4606,"minecraft:sneak_time":302,"minecraft:walk_under_water_one_cm":747,"minecraft:mob_kills":1,"minecraft:drop":3,"minecraft:jump":83,"minecraft:damage_dealt":200,"minecraft:leave_game":2,"minecraft:walk_on_water_one_cm":1606,"minecraft:time_since_death":47367,"minecraft:total_world_time":47367,"minecraft:fly_one_cm":190211},"minecraft:picked_up":{"immersive_paintings:glow_painting":1},"minecraft:used":{"minecraft:diamond_sword":5,"minecraft:dirt":4,"minecraft:skeleton_spawn_egg":2,"immersive_paintings:painting":1,"minecraft:grass_block":3,"immersive_paintings:glow_painting":3,"immersive_paintings:glow_graffiti":2,"immersive_paintings:graffiti":1},"minecraft:killed":{"minecraft:skeleton":1},"minecraft:dropped":{"minecraft:spruce_leaves":1,"immersive_paintings:glow_painting":1,"minecraft:grass_block":1}},"DataVersion":3465}