{"stats":{"minecraft:crafted":{"minecraft:oak_planks":16,"minecraft:cobblestone_slab":6,"create:wrench":1,"minecraft:iron_nugget":54,"minecraft:blaze_powder":4,"minecraft:furnace":3,"minecraft:bone_meal":9,"regions_unexplored:palm_stairs":40,"minecraft:glass":2,"create:mechanical_press":1,"minecraft:iron_axe":1,"minecraft:stone_pickaxe":1,"minecraft:chest":6,"create:basin":1,"minecraft:netherite_scrap":4,"regions_unexplored:palm_trapdoor":4,"create:cogwheel":2,"regions_unexplored:palm_boat":1,"regions_unexplored:palm_planks":628,"minecraft:coal_block":2,"create:depot":2,"create:andesite_alloy":26,"create:hand_crank":2,"gobber2:gobber2_glob_nether":3,"minecraft:crafting_table":4,"minecraft:wooden_pickaxe":1,"create:goggles":1,"magistuarmory:iron_zweihander":1,"minecraft:smithing_table":1,"minecraft:golden_pickaxe":1,"minecraft:copper_ingot":64,"magistuarmory:iron_flamebladedsword":1,"minecraft:bucket":1,"minecraft:birch_planks":4,"minecraft:brewing_stand":1,"minecraft:stone_axe":1,"create:mechanical_mixer":1,"minecraft:air":0,"minecraft:jungle_planks":48,"create:encased_fan":1,"create:whisk":1,"minecraft:diamond_pickaxe":1,"minecraft:stick":40,"minecraft:iron_ingot":27,"minecraft:iron_pickaxe":2,"minecraft:netherite_ingot":1,"minecraft:iron_block":1,"create:large_cogwheel":1,"minecraft:white_bed":1,"create:propeller":1,"create:shaft":8,"minecraft:andesite":6,"minecraft:torch":24,"create:zinc_ingot":24,"create:empty_blaze_burner":1},"minecraft:mined":{"create:zinc_ore":27,"minecraft:nether_gold_ore":4,"minecraft:deepslate_diamond_ore":5,"create:andesite_casing":5,"minecraft:obsidian":6,"minecraft:nether_bricks":2,"regions_unexplored:palm_stairs":2,"minecraft:grass_block":3,"create:large_cogwheel":1,"gobber2:gobber2_lucky_block":18,"minecraft:jungle_log":25,"create:encased_fan":1,"minecraft:brown_mushroom_block":17,"minecraft:kelp":1,"minecraft:sandstone":12,"minecraft:spawner":5,"minecraft:large_fern":1,"minecraft:glowstone":3,"minecraft:spruce_sapling":3,"minecraft:furnace":2,"minecraft:iron_ore":26,"minecraft:fire":29,"regions_unexplored:waratah":5,"regions_unexplored:palm_trapdoor":4,"minecraft:andesite":87,"regions_unexplored:eucalyptus_shrub":1,"minecraft:pointed_dripstone":1,"minecraft:deepslate_iron_ore":1,"minecraft:cobblestone_slab":1,"minecraft:stone":87,"regions_unexplored:silt_grass_block":9,"create:mechanical_press":3,"jeg:scrap_ore":6,"expore:exp_ore":7,"minecraft:blackstone":5,"minecraft:kelp_plant":1,"minecraft:orange_terracotta":1,"expore:nether_exp_ore":30,"minecraft:clay":2,"minecraft:crafting_table":8,"minecraft:torch":8,"create:creative_motor":3,"minecraft:emerald_ore":1,"expore:deepslate_exp_ore":19,"minecraft:nether_quartz_ore":4,"minecraft:copper_ore":37,"minecraft:tall_grass":4,"minecraft:diorite":3,"minecraft:wall_torch":10,"create:basin":3,"minecraft:coarse_dirt":1,"minecraft:blue_terracotta":2,"minecraft:trapped_chest":1,"minecraft:tnt":7,"regions_unexplored:palm_planks":10,"minecraft:gravel":1,"minecraft:grass":20,"regions_unexplored:eucalyptus_log":56,"minecraft:oak_log":4,"minecraft:coal_ore":67,"regions_unexplored:eucalyptus_sapling":8,"minecraft:dirt":7,"create:hand_crank":3,"regions_unexplored:palm_log":160,"minecraft:sand":3,"minecraft:ancient_debris":4,"minecraft:netherrack":749,"regions_unexplored:mycotoxic_grass":1,"minecraft:fern":1},"minecraft:picked_up":{"minecraft:crafting_table":8,"minecraft:clay_ball":8,"minecraft:brown_mushroom":22,"regions_unexplored:silt_dirt":9,"minecraft:gold_block":2,"minecraft:enchanted_book":1,"minecraft:string":2,"minecraft:moss_carpet":5,"minecraft:raw_copper":130,"minecraft:iron_leggings":1,"minecraft:experience_bottle":2,"minecraft:gold_nugget":3,"create:mechanical_press":3,"minecraft:redstone_torch":4,"minecraft:cobblestone_slab":1,"create:basin":3,"minecraft:jungle_sapling":7,"minecraft:furnace":2,"minecraft:egg":1,"minecraft:stick":89,"minecraft:raw_iron":27,"minecraft:torch":23,"create:andesite_casing":5,"minecraft:pointed_dripstone":2,"create:hand_crank":3,"minecraft:diorite":3,"minecraft:redstone":14,"regions_unexplored:palm_stairs":2,"minecraft:tnt":7,"create:large_cogwheel":1,"gobber2:gobber2_foo":2,"gobber2:gobber2_globette_nether":27,"regions_unexplored:palm_trapdoor":3,"minecraft:arrow":4,"minecraft:rotten_flesh":6,"gobber2:gobber2_gooey_beef_nether":1,"minecraft:nether_bricks":2,"regions_unexplored:eucalyptus_shrub":2,"minecraft:obsidian":10,"minecraft:rail":2,"minecraft:white_wool":3,"minecraft:cobblestone":91,"minecraft:birch_log":1,"minecraft:magma_block":3,"regions_unexplored:palm_planks":10,"regions_unexplored:eucalyptus_log":56,"minecraft:andesite":87,"minecraft:jungle_log":28,"minecraft:red_mushroom":5,"regions_unexplored:palm_boat":3,"minecraft:flint":3,"minecraft:tuff":2,"create:raw_zinc":30,"minecraft:oak_log":4,"minecraft:lily_pad":9,"minecraft:ancient_debris":4,"jeg:scrap":17,"minecraft:gunpowder":2,"minecraft:dirt":10,"regions_unexplored:waratah":5,"minecraft:bone":7,"minecraft:kelp":2,"minecraft:wheat_seeds":3,"minecraft:iron_ingot":63,"minecraft:stone_pickaxe":1,"gobber2:gobber2_globette":7,"gobber2:gobber2_gooey_beefstew_nether":1,"minecraft:glowstone_dust":10,"minecraft:oak_planks":1,"gobber2:gobber2_gooey_bread":1,"regions_unexplored:palm_sapling":24,"regions_unexplored:eucalyptus_sapling":18,"gobber2:gobber2_rod_nether":4,"relics:hunter_belt":1,"minecraft:quartz":9,"minecraft:gravel":50,"minecraft:sand":2,"minecraft:spruce_sapling":3,"regions_unexplored:palm_log":157,"create:creative_motor":3,"minecraft:diamond":5,"create:encased_fan":1,"minecraft:iron_helmet":1,"minecraft:bread":10,"minecraft:emerald":1,"minecraft:netherrack":1359,"gobber2:gobber2_goo":6,"minecraft:coal":67},"minecraft:broken":{"minecraft:iron_axe":1,"minecraft:iron_pickaxe":1},"minecraft:used":{"regions_unexplored:silt_dirt":8,"minecraft:oak_fence":1,"minecraft:flint_and_steel":70,"regions_unexplored:eucalyptus_sapling":11,"regions_unexplored:silt_grass_block":2,"minecraft:chest":6,"minecraft:netherrack":195,"minecraft:torch":120,"minecraft:brewing_stand":1,"minecraft:dirt":5,"create:mechanical_mixer":1,"regions_unexplored:waratah":4,"create:depot":2,"regions_unexplored:palm_trapdoor":5,"magistuarmory:iron_flamebladedsword":6,"minecraft:obsidian":14,"minecraft:jungle_sapling":3,"minecraft:lava_bucket":14,"create:wrench":1,"minecraft:iron_axe":300,"minecraft:jungle_log":7,"regions_unexplored:palm_sapling":24,"regions_unexplored:eucalyptus_shrub":1,"create:creative_motor":3,"minecraft:golden_sword":24,"minecraft:magma_block":3,"minecraft:furnace":5,"minecraft:egg":1,"minecraft:cooked_beef":30,"regions_unexplored:palm_stairs":33,"minecraft:pointed_dripstone":2,"minecraft:water_bucket":64,"minecraft:stone_pickaxe":121,"minecraft:wooden_pickaxe":7,"minecraft:brown_mushroom":3,"minecraft:cobblestone_slab":8,"create:blaze_burner":1,"create:encased_fan":2,"minecraft:tnt":108,"minecraft:crafting_table":9,"minecraft:white_bed":1,"minecraft:redstone_torch":1,"minecraft:diamond_pickaxe":655,"create:mechanical_press":4,"regions_unexplored:palm_planks":332,"minecraft:iron_pickaxe":481,"minecraft:spruce_sapling":3,"gobber2:gobber2_gooey_beefstew_nether":1,"minecraft:fire_charge":1,"minecraft:stone_axe":66,"create:basin":4,"minecraft:potion":2,"minecraft:cobblestone":9,"minecraft:smithing_table":1,"minecraft:bucket":76,"create:hand_crank":6,"regions_unexplored:palm_boat":2,"minecraft:golden_pickaxe":4,"minecraft:bone_meal":9,"create:large_cogwheel":1,"gobber2:gobber2_gooey_beef_nether":1},"minecraft:dropped":{"minecraft:iron_ingot":54,"minecraft:brown_mushroom":12,"minecraft:wheat_seeds":3,"minecraft:glass_bottle":1,"minecraft:copper_ingot":166,"minecraft:red_mushroom":4,"minecraft:flint":9,"minecraft:stick":22,"regions_unexplored:palm_planks":1,"minecraft:dirt":5,"regions_unexplored:palm_trapdoor":3,"regions_unexplored:palm_boat":1,"minecraft:iron_pickaxe":1,"minecraft:lily_pad":8,"create:raw_zinc":3,"minecraft:redstone":5,"regions_unexplored:eucalyptus_shrub":1,"regions_unexplored:palm_stairs":9,"minecraft:moss_carpet":5,"minecraft:kelp":1,"minecraft:oak_planks":2,"minecraft:clay_ball":8,"minecraft:nether_bricks":2,"minecraft:gunpowder":2,"create:zinc_ingot":96,"minecraft:andesite":13,"minecraft:redstone_torch":4,"minecraft:arrow":2,"minecraft:stone_pickaxe":2,"minecraft:wooden_pickaxe":1,"minecraft:ghast_tear":1,"minecraft:netherrack":144},"minecraft:killed":{"minecraft:spider":1,"creeperoverhaul:dripstone_creeper":1,"minecraft:skeleton":6,"minecraft:silverfish":2,"minecraft:piglin_brute":2,"minecraft:sheep":3,"minecraft:zombie":6,"minecraft:blaze":1},"minecraft:custom":{"minecraft:interact_with_smithing_table":2,"minecraft:mob_kills":22,"minecraft:interact_with_crafting_table":55,"minecraft:open_barrel":26,"minecraft:leave_game":9,"minecraft:time_since_death":293115,"minecraft:climb_one_cm":2022,"minecraft:sprint_one_cm":304696,"minecraft:walk_one_cm":372604,"minecraft:drop":125,"minecraft:play_time":311960,"minecraft:sneak_time":15165,"minecraft:deaths":1,"minecraft:walk_under_water_one_cm":44643,"minecraft:boat_one_cm":245385,"minecraft:jump":6427,"minecraft:interact_with_brewingstand":2,"minecraft:walk_on_water_one_cm":64229,"minecraft:total_world_time":311960,"minecraft:interact_with_furnace":43,"minecraft:sleep_in_bed":6,"minecraft:time_since_rest":121598,"minecraft:damage_taken":2362,"minecraft:trigger_trapped_chest":2,"minecraft:damage_dealt":5212,"minecraft:swim_one_cm":108824,"minecraft:fly_one_cm":1297474,"minecraft:open_chest":121,"minecraft:crouch_one_cm":44398,"minecraft:fall_one_cm":49209,"minecraft:horse_one_cm":38505}},"DataVersion":3465}