{"stats":{"minecraft:crafted":{"minecraft:oak_planks":16,"minecraft:cobblestone_slab":6,"create:wrench":1,"minecraft:iron_nugget":36,"minecraft:furnace":1,"minecraft:bone_meal":9,"regions_unexplored:palm_stairs":40,"minecraft:glass":2,"create:mechanical_press":1,"minecraft:iron_axe":1,"minecraft:stone_pickaxe":1,"minecraft:chest":2,"create:basin":1,"regions_unexplored:palm_trapdoor":4,"create:cogwheel":1,"regions_unexplored:palm_boat":1,"regions_unexplored:palm_planks":628,"create:depot":2,"create:andesite_alloy":17,"create:hand_crank":2,"minecraft:crafting_table":3,"minecraft:wooden_pickaxe":1,"create:goggles":1,"minecraft:golden_pickaxe":1,"minecraft:bucket":1,"minecraft:birch_planks":4,"minecraft:stone_axe":1,"minecraft:air":0,"minecraft:jungle_planks":32,"create:encased_fan":1,"minecraft:stick":32,"minecraft:iron_ingot":16,"minecraft:iron_pickaxe":2,"minecraft:iron_block":1,"create:propeller":1,"minecraft:white_bed":1,"minecraft:andesite":6,"create:shaft":8,"minecraft:torch":24,"create:zinc_ingot":24,"create:empty_blaze_burner":1},"minecraft:mined":{"create:zinc_ore":27,"create:andesite_casing":4,"minecraft:nether_bricks":2,"regions_unexplored:palm_stairs":2,"minecraft:grass_block":3,"gobber2:gobber2_lucky_block":18,"minecraft:jungle_log":23,"create:encased_fan":1,"minecraft:brown_mushroom_block":14,"minecraft:kelp":1,"minecraft:sandstone":12,"minecraft:spawner":3,"minecraft:large_fern":1,"minecraft:spruce_sapling":3,"minecraft:furnace":2,"minecraft:iron_ore":26,"regions_unexplored:waratah":5,"regions_unexplored:palm_trapdoor":4,"minecraft:andesite":87,"regions_unexplored:eucalyptus_shrub":1,"minecraft:pointed_dripstone":1,"minecraft:stone":87,"regions_unexplored:silt_grass_block":9,"create:mechanical_press":3,"jeg:scrap_ore":6,"expore:exp_ore":7,"minecraft:kelp_plant":1,"minecraft:orange_terracotta":1,"minecraft:clay":2,"minecraft:crafting_table":7,"minecraft:torch":6,"minecraft:emerald_ore":1,"expore:deepslate_exp_ore":8,"minecraft:tall_grass":4,"minecraft:copper_ore":37,"minecraft:diorite":3,"minecraft:wall_torch":9,"create:basin":3,"minecraft:coarse_dirt":1,"minecraft:trapped_chest":1,"minecraft:blue_terracotta":2,"regions_unexplored:palm_planks":10,"minecraft:grass":20,"minecraft:oak_log":4,"minecraft:coal_ore":67,"regions_unexplored:eucalyptus_sapling":8,"regions_unexplored:eucalyptus_log":56,"regions_unexplored:palm_log":160,"create:hand_crank":1,"minecraft:sand":3,"minecraft:dirt":7,"minecraft:netherrack":124,"minecraft:fern":1},"minecraft:picked_up":{"minecraft:crafting_table":7,"minecraft:clay_ball":8,"minecraft:brown_mushroom":15,"regions_unexplored:silt_dirt":9,"minecraft:enchanted_book":1,"minecraft:string":2,"minecraft:moss_carpet":5,"minecraft:raw_copper":130,"minecraft:iron_leggings":1,"minecraft:experience_bottle":2,"create:mechanical_press":3,"minecraft:redstone_torch":4,"create:basin":3,"minecraft:jungle_sapling":7,"minecraft:egg":1,"minecraft:furnace":2,"minecraft:raw_iron":26,"minecraft:stick":81,"minecraft:torch":16,"create:andesite_casing":4,"create:hand_crank":1,"minecraft:pointed_dripstone":2,"minecraft:diorite":3,"regions_unexplored:palm_stairs":2,"minecraft:redstone":14,"gobber2:gobber2_foo":2,"regions_unexplored:palm_trapdoor":3,"minecraft:arrow":4,"minecraft:rotten_flesh":2,"regions_unexplored:eucalyptus_shrub":2,"minecraft:nether_bricks":2,"minecraft:obsidian":4,"minecraft:rail":2,"minecraft:cobblestone":91,"minecraft:white_wool":3,"minecraft:birch_log":1,"minecraft:magma_block":3,"regions_unexplored:palm_planks":10,"regions_unexplored:eucalyptus_log":56,"minecraft:jungle_log":26,"minecraft:andesite":87,"minecraft:red_mushroom":2,"regions_unexplored:palm_boat":3,"minecraft:tuff":2,"create:raw_zinc":27,"minecraft:oak_log":4,"minecraft:lily_pad":9,"jeg:scrap":17,"minecraft:gunpowder":2,"minecraft:dirt":10,"regions_unexplored:waratah":5,"minecraft:bone":7,"minecraft:kelp":2,"minecraft:wheat_seeds":3,"minecraft:stone_pickaxe":1,"minecraft:iron_ingot":15,"gobber2:gobber2_gooey_bread":1,"minecraft:oak_planks":1,"regions_unexplored:palm_sapling":24,"regions_unexplored:eucalyptus_sapling":18,"relics:hunter_belt":1,"minecraft:sand":2,"minecraft:spruce_sapling":3,"regions_unexplored:palm_log":157,"create:encased_fan":1,"minecraft:iron_helmet":1,"minecraft:bread":10,"minecraft:emerald":1,"minecraft:netherrack":132,"minecraft:coal":67,"gobber2:gobber2_goo":6},"minecraft:broken":{"minecraft:iron_axe":1,"minecraft:iron_pickaxe":1},"minecraft:used":{"regions_unexplored:silt_dirt":8,"regions_unexplored:eucalyptus_sapling":11,"regions_unexplored:silt_grass_block":2,"minecraft:chest":2,"minecraft:netherrack":70,"minecraft:torch":67,"minecraft:dirt":5,"regions_unexplored:waratah":4,"create:depot":2,"regions_unexplored:palm_trapdoor":5,"minecraft:obsidian":12,"minecraft:jungle_sapling":3,"minecraft:lava_bucket":4,"create:wrench":1,"minecraft:iron_axe":286,"minecraft:jungle_log":4,"regions_unexplored:palm_sapling":24,"regions_unexplored:eucalyptus_shrub":1,"minecraft:golden_sword":24,"minecraft:magma_block":3,"minecraft:furnace":3,"minecraft:egg":1,"minecraft:cooked_beef":20,"regions_unexplored:palm_stairs":33,"minecraft:pointed_dripstone":2,"minecraft:water_bucket":27,"minecraft:stone_pickaxe":121,"minecraft:wooden_pickaxe":7,"minecraft:brown_mushroom":3,"minecraft:cobblestone_slab":3,"create:encased_fan":2,"minecraft:crafting_table":8,"minecraft:white_bed":1,"minecraft:redstone_torch":1,"create:mechanical_press":4,"regions_unexplored:palm_planks":332,"minecraft:iron_pickaxe":422,"minecraft:spruce_sapling":3,"minecraft:stone_axe":66,"minecraft:fire_charge":1,"create:basin":4,"minecraft:cobblestone":9,"minecraft:bucket":32,"create:hand_crank":3,"minecraft:bone_meal":9,"minecraft:golden_pickaxe":4,"regions_unexplored:palm_boat":2},"minecraft:dropped":{"minecraft:iron_ingot":6,"minecraft:brown_mushroom":5,"minecraft:wheat_seeds":3,"minecraft:flint":9,"minecraft:red_mushroom":1,"minecraft:stick":12,"regions_unexplored:palm_planks":1,"minecraft:dirt":5,"regions_unexplored:palm_trapdoor":3,"regions_unexplored:palm_boat":1,"minecraft:lily_pad":8,"regions_unexplored:palm_stairs":9,"regions_unexplored:eucalyptus_shrub":1,"minecraft:kelp":1,"minecraft:clay_ball":8,"minecraft:oak_planks":2,"minecraft:nether_bricks":2,"minecraft:gunpowder":2,"minecraft:andesite":1,"minecraft:redstone_torch":4,"minecraft:arrow":2,"minecraft:stone_pickaxe":2,"minecraft:wooden_pickaxe":1,"minecraft:ghast_tear":1,"minecraft:netherrack":12},"minecraft:killed":{"minecraft:spider":1,"creeperoverhaul:dripstone_creeper":1,"minecraft:skeleton":6,"minecraft:piglin_brute":2,"minecraft:sheep":3,"minecraft:zombie":4},"minecraft:custom":{"minecraft:mob_kills":17,"minecraft:interact_with_crafting_table":35,"minecraft:open_barrel":26,"minecraft:leave_game":7,"minecraft:time_since_death":147918,"minecraft:climb_one_cm":2022,"minecraft:sprint_one_cm":207310,"minecraft:walk_one_cm":230672,"minecraft:drop":48,"minecraft:play_time":166763,"minecraft:deaths":1,"minecraft:sneak_time":10642,"minecraft:walk_under_water_one_cm":38930,"minecraft:boat_one_cm":245385,"minecraft:jump":1186,"minecraft:walk_on_water_one_cm":34593,"minecraft:total_world_time":166763,"minecraft:interact_with_furnace":20,"minecraft:sleep_in_bed":4,"minecraft:time_since_rest":36548,"minecraft:damage_taken":1835,"minecraft:trigger_trapped_chest":2,"minecraft:damage_dealt":4683,"minecraft:swim_one_cm":108634,"minecraft:fly_one_cm":683406,"minecraft:open_chest":74,"minecraft:crouch_one_cm":34801,"minecraft:fall_one_cm":42611,"minecraft:horse_one_cm":38505}},"DataVersion":3465}