{"stats":{"minecraft:crafted":{"create:depot":1,"minecraft:oak_planks":16,"create:andesite_alloy":13,"create:hand_crank":1,"create:wrench":1,"minecraft:crafting_table":1,"minecraft:iron_nugget":27,"minecraft:wooden_pickaxe":1,"minecraft:furnace":1,"minecraft:golden_pickaxe":1,"minecraft:birch_planks":4,"minecraft:stone_axe":1,"minecraft:air":0,"minecraft:jungle_planks":28,"minecraft:glass":2,"create:mechanical_press":1,"minecraft:stick":32,"minecraft:iron_ingot":16,"minecraft:iron_pickaxe":2,"minecraft:stone_pickaxe":1,"minecraft:iron_block":1,"minecraft:chest":2,"minecraft:white_bed":1,"create:shaft":8,"minecraft:andesite":6,"create:basin":1,"minecraft:torch":24,"create:cogwheel":1},"minecraft:mined":{"create:zinc_ore":25,"expore:exp_ore":4,"minecraft:kelp_plant":1,"create:andesite_casing":2,"minecraft:clay":2,"minecraft:crafting_table":5,"minecraft:torch":6,"minecraft:nether_bricks":2,"minecraft:emerald_ore":1,"minecraft:grass_block":3,"gobber2:gobber2_lucky_block":14,"minecraft:jungle_log":23,"minecraft:brown_mushroom_block":3,"minecraft:copper_ore":37,"minecraft:tall_grass":1,"minecraft:kelp":1,"minecraft:diorite":3,"minecraft:wall_torch":9,"minecraft:spawner":3,"minecraft:large_fern":1,"create:basin":3,"minecraft:coarse_dirt":1,"minecraft:spruce_sapling":3,"minecraft:furnace":2,"minecraft:iron_ore":16,"minecraft:andesite":87,"minecraft:grass":19,"minecraft:coal_ore":44,"minecraft:pointed_dripstone":1,"minecraft:oak_log":4,"minecraft:sand":3,"create:hand_crank":1,"minecraft:dirt":7,"minecraft:stone":81,"minecraft:netherrack":124,"create:mechanical_press":3},"minecraft:picked_up":{"minecraft:birch_log":1,"minecraft:crafting_table":5,"minecraft:magma_block":3,"minecraft:clay_ball":8,"minecraft:andesite":87,"minecraft:jungle_log":26,"minecraft:brown_mushroom":1,"minecraft:red_mushroom":1,"create:raw_zinc":25,"minecraft:oak_log":4,"minecraft:gunpowder":2,"minecraft:dirt":10,"minecraft:string":1,"minecraft:raw_copper":130,"minecraft:bone":4,"minecraft:kelp":2,"minecraft:wheat_seeds":3,"create:mechanical_press":3,"minecraft:iron_ingot":11,"minecraft:stone_pickaxe":1,"minecraft:redstone_torch":4,"create:basin":3,"minecraft:jungle_sapling":7,"gobber2:gobber2_gooey_bread":1,"minecraft:oak_planks":1,"minecraft:furnace":2,"minecraft:stick":3,"minecraft:raw_iron":16,"minecraft:torch":15,"create:andesite_casing":2,"minecraft:sand":2,"minecraft:pointed_dripstone":2,"minecraft:spruce_sapling":3,"create:hand_crank":1,"minecraft:diorite":3,"gobber2:gobber2_foo":1,"minecraft:arrow":2,"minecraft:nether_bricks":2,"minecraft:emerald":1,"minecraft:netherrack":132,"minecraft:obsidian":4,"minecraft:coal":43,"gobber2:gobber2_goo":6,"minecraft:white_wool":3,"minecraft:cobblestone":81},"minecraft:broken":{"minecraft:iron_pickaxe":1},"minecraft:used":{"minecraft:water_bucket":2,"minecraft:stone_pickaxe":121,"minecraft:chest":2,"minecraft:wooden_pickaxe":7,"minecraft:brown_mushroom":1,"minecraft:netherrack":61,"minecraft:torch":39,"minecraft:dirt":5,"minecraft:crafting_table":6,"minecraft:white_bed":1,"create:depot":1,"minecraft:jungle_sapling":3,"minecraft:obsidian":4,"minecraft:redstone_torch":1,"create:mechanical_press":4,"minecraft:iron_pickaxe":338,"minecraft:jungle_log":2,"minecraft:spruce_sapling":3,"minecraft:fire_charge":1,"minecraft:magma_block":3,"minecraft:stone_axe":64,"minecraft:golden_sword":6,"create:basin":4,"minecraft:furnace":3,"minecraft:bucket":2,"create:hand_crank":2,"minecraft:cooked_beef":7,"minecraft:golden_pickaxe":4,"minecraft:pointed_dripstone":2},"minecraft:dropped":{"minecraft:iron_ingot":1,"minecraft:kelp":1,"minecraft:wheat_seeds":3,"minecraft:clay_ball":8,"minecraft:oak_planks":2,"minecraft:nether_bricks":2,"minecraft:stick":6,"minecraft:dirt":5,"minecraft:gunpowder":2,"minecraft:andesite":1,"minecraft:redstone_torch":4,"minecraft:wooden_pickaxe":1,"minecraft:arrow":2,"minecraft:stone_pickaxe":2,"minecraft:ghast_tear":1,"minecraft:netherrack":12},"minecraft:killed":{"minecraft:spider":1,"creeperoverhaul:dripstone_creeper":1,"minecraft:skeleton":4,"minecraft:sheep":3,"minecraft:piglin_brute":2},"minecraft:custom":{"minecraft:interact_with_furnace":10,"minecraft:mob_kills":11,"minecraft:interact_with_crafting_table":20,"minecraft:open_barrel":25,"minecraft:leave_game":5,"minecraft:time_since_death":68956,"minecraft:sleep_in_bed":1,"minecraft:climb_one_cm":664,"minecraft:time_since_rest":13212,"minecraft:sprint_one_cm":107106,"minecraft:damage_taken":815,"minecraft:walk_one_cm":106975,"minecraft:drop":23,"minecraft:damage_dealt":2501,"minecraft:swim_one_cm":89994,"minecraft:fly_one_cm":465215,"minecraft:open_chest":39,"minecraft:crouch_one_cm":10345,"minecraft:play_time":87801,"minecraft:deaths":1,"minecraft:sneak_time":4774,"minecraft:walk_under_water_one_cm":23342,"minecraft:jump":645,"minecraft:walk_on_water_one_cm":13877,"minecraft:total_world_time":87801,"minecraft:fall_one_cm":23370,"minecraft:horse_one_cm":38505}},"DataVersion":3465}