{"stats":{"minecraft:killed":{"minecraft:spider":4,"minecraft:creeper":10,"minecraft:skeleton":11,"minecraft:zombie":10,"minecraft:enderman":1},"minecraft:picked_up":{"minecraft:crafting_table":5,"minecraft:coarse_dirt":3,"minecraft:oak_log":17,"minecraft:gunpowder":10,"minecraft:string":4,"minecraft:dirt":20,"minecraft:orange_terracotta":4,"minecraft:bone":7,"minecraft:raw_gold":9,"minecraft:iron_ingot":3,"minecraft:stone_pickaxe":1,"minecraft:oak_planks":54,"minecraft:furnace":2,"minecraft:raw_iron":24,"minecraft:stick":2,"iceandfire:silver_pickaxe":1,"iceandfire:silver_ingot":1,"minecraft:arrow":8,"minecraft:rotten_flesh":8,"minecraft:stone_axe":1,"minecraft:coal":21,"iceandfire:raw_silver":8,"minecraft:cobblestone":52},"minecraft:custom":{"minecraft:interact_with_furnace":8,"minecraft:mob_kills":38,"minecraft:inspect_hopper":1,"minecraft:interact_with_crafting_table":6,"minecraft:time_since_death":11230,"minecraft:damage_resisted":6,"minecraft:time_since_rest":11257,"minecraft:sprint_one_cm":48576,"minecraft:damage_absorbed":24,"minecraft:damage_taken":912,"minecraft:walk_one_cm":38554,"minecraft:drop":3,"minecraft:damage_dealt":3460,"minecraft:swim_one_cm":1164,"minecraft:fly_one_cm":395486,"minecraft:open_chest":2,"minecraft:crouch_one_cm":8345,"minecraft:play_time":47323,"minecraft:deaths":3,"minecraft:sneak_time":3608,"minecraft:walk_under_water_one_cm":4806,"minecraft:jump":530,"minecraft:walk_on_water_one_cm":4328,"minecraft:total_world_time":47323,"minecraft:fall_one_cm":15499},"minecraft:dropped":{"minecraft:grass_block":1,"minecraft:wooden_axe":1,"minecraft:wooden_pickaxe":1},"minecraft:mined":{"iceandfire:silver_ore":6,"minecraft:crafting_table":4,"minecraft:dead_bush":1,"minecraft:cobblestone":4,"minecraft:oak_planks":1,"minecraft:furnace":1,"minecraft:iron_ore":10,"minecraft:coal_ore":11,"minecraft:oak_log":17,"minecraft:stone":40,"minecraft:gold_ore":4,"minecraft:oak_leaves":5},"minecraft:killed_by":{"minecraft:creeper":2},"minecraft:used":{"minecraft:cobblestone_stairs":4,"minecraft:stone_pickaxe":44,"minecraft:oak_planks":7,"minecraft:chest":5,"minecraft:wooden_pickaxe":13,"minecraft:cobblestone_slab":4,"minecraft:dirt":11,"minecraft:skeleton_spawn_egg":1,"minecraft:hopper":4,"minecraft:crafting_table":4,"iceandfire:silver_axe":39,"iceandfire:silver_pickaxe":20,"minecraft:wooden_axe":15,"minecraft:grass_block":65,"minecraft:stone_axe":11,"minecraft:cobblestone":107,"minecraft:furnace":1,"minecraft:orange_terracotta":4,"minecraft:enchanted_golden_apple":3},"minecraft:crafted":{"iceandfire:silver_axe":1,"minecraft:oak_planks":68,"iceandfire:silver_ingot":4,"minecraft:crafting_table":1,"minecraft:wooden_pickaxe":1,"minecraft:furnace":1,"minecraft:stone_axe":1,"minecraft:air":0,"minecraft:stick":12,"minecraft:iron_ingot":3,"minecraft:stone_pickaxe":1,"minecraft:wooden_axe":1,"iceandfire:silver_pickaxe":1}},"DataVersion":3465}