{"stats":{"minecraft:killed":{"minecraft:vex":1,"minecraft:spider":4,"minecraft:vindicator":1,"minecraft:slime":3,"minecraft:skeleton":5,"iceandfire:dread_thrall":5,"minecraft:illusioner":1,"iceandfire:dread_scuttler":20,"iceandfire:troll":3,"minecraft:creeper":3,"minecraft:sheep":1,"minecraft:pillager":1,"minecraft:zombie":9,"iceandfire:dread_ghoul":2,"minecraft:enderman":1},"minecraft:custom":{"minecraft:mob_kills":62,"minecraft:interact_with_crafting_table":10,"minecraft:open_barrel":7,"minecraft:leave_game":3,"minecraft:time_since_death":6134,"minecraft:climb_one_cm":178,"minecraft:sprint_one_cm":203562,"minecraft:walk_one_cm":178129,"minecraft:drop":35,"minecraft:play_time":136194,"minecraft:deaths":11,"minecraft:sneak_time":4082,"minecraft:walk_under_water_one_cm":19963,"minecraft:jump":1858,"minecraft:walk_on_water_one_cm":27655,"minecraft:total_world_time":136194,"minecraft:interact_with_furnace":3,"minecraft:sleep_in_bed":2,"minecraft:time_since_rest":6157,"minecraft:damage_taken":6784,"minecraft:damage_dealt":19889,"minecraft:swim_one_cm":13596,"minecraft:fly_one_cm":606304,"minecraft:open_chest":24,"minecraft:crouch_one_cm":12347,"minecraft:fall_one_cm":58831},"minecraft:dropped":{"minecraft:clay":1,"iceandfire:raw_silver":2,"minecraft:wheat_seeds":1,"iceandfire:silver_axe":1,"immersive_paintings:glow_painting":1,"minecraft:cobblestone":8,"iceandfire:dread_stone_bricks_cracked":6,"minecraft:tropical_fish":1,"minecraft:grass_block":2,"minecraft:coal":1,"minecraft:spruce_leaves":1,"minecraft:diorite":8,"minecraft:mutton":1,"minecraft:wooden_axe":2,"minecraft:iron_leggings":2,"minecraft:white_wool":1,"minecraft:rotten_flesh":2,"minecraft:clay_ball":4,"minecraft:iron_boots":1,"biomesoplenty:icy_iris":1,"minecraft:gunpowder":3,"minecraft:arrow":2,"minecraft:wooden_pickaxe":2,"minecraft:stone_pickaxe":3,"minecraft:oak_leaves":1},"minecraft:picked_up":{"minecraft:wooden_axe":1,"iceandfire:dread_stone_bricks":16,"minecraft:crafting_table":3,"minecraft:clay_ball":4,"minecraft:wooden_pickaxe":1,"iceandfire:troll_weapon_trunk_frost":1,"minecraft:iron_leggings":2,"minecraft:cobbled_deepslate":10,"minecraft:spruce_planks":4,"iceandfire:dread_knight_sword":1,"iceandfire:dread_shard":2,"immersive_paintings:glow_painting":1,"minecraft:iron_boots":1,"minecraft:egg":1,"minecraft:raw_iron":8,"minecraft:stick":2,"minecraft:torch":21,"minecraft:diorite":8,"biomesoplenty:icy_iris":1,"minecraft:arrow":2,"minecraft:rotten_flesh":2,"minecraft:tropical_fish":1,"minecraft:mutton":1,"minecraft:snowball":12,"minecraft:white_wool":1,"minecraft:cobblestone":90,"iceandfire:silver_axe":1,"iceandfire:dread_stone_bricks_cracked":9,"minecraft:gunpowder":3,"minecraft:bone":2,"minecraft:apple":1,"minecraft:stone_bricks":2,"minecraft:wheat_seeds":1,"iceandfire:troll_leather_frost":3,"minecraft:stone_pickaxe":1,"minecraft:book":6,"minecraft:spruce_log":7,"minecraft:spider_eye":2,"iceandfire:dragon_bone_block":3,"travelersbackpack:white_sleeping_bag":3,"minecraft:polished_andesite":2,"minecraft:clay":1,"minecraft:slime_ball":3,"iceandfire:dread_stone_bricks_mossy":3,"minecraft:emerald":1,"minecraft:coal":80,"minecraft:sunflower":1,"iceandfire:raw_silver":2,"minecraft:ender_pearl":1},"minecraft:broken":{"minecraft:stone_axe":1},"minecraft:crafted":{"iceandfire:frost_troll_leather_helmet":1,"minecraft:furnace":1,"minecraft:stone_pickaxe":1,"iceandfire:silver_axe":1,"minecraft:crafting_table":1,"minecraft:spruce_planks":28,"minecraft:wooden_pickaxe":1,"minecraft:air":0,"minecraft:stick":24,"minecraft:iron_ingot":4,"minecraft:wooden_axe":1,"minecraft:torch":56,"iceandfire:silver_pickaxe":1},"minecraft:used":{"minecraft:spruce_planks":48,"minecraft:torch":63,"minecraft:dirt":4,"minecraft:skeleton_spawn_egg":2,"iceandfire:deathworm_yellow_chestplate":1,"minecraft:axolotl_bucket":1,"minecraft:snowball":12,"immersive_paintings:painting":11,"minecraft:grass_block":115,"immersive_paintings:glow_graffiti":2,"iceandfire:dragonsteel_fire_boots":1,"minecraft:stone_bricks":2,"minecraft:furnace":1,"minecraft:egg":1,"minecraft:cooked_beef":26,"minecraft:cobbled_deepslate":10,"iceandfire:deathworm_yellow_helmet":1,"minecraft:water_bucket":34,"minecraft:stone_pickaxe":174,"minecraft:polished_andesite":2,"minecraft:wooden_pickaxe":13,"iceandfire:dread_knight_sword":65,"iceandfire:dread_stone_bricks":5,"minecraft:oak_leaves":12,"iceandfire:troll_weapon_trunk_frost":8,"iceandfire:deathworm_yellow_boots":1,"iceandfire:dragonsteel_fire_leggings":1,"minecraft:crafting_table":4,"immersive_paintings:glow_painting":3,"iceandfire:dragonsteel_fire_chestplate":1,"iceandfire:silver_axe":62,"immersive_paintings:graffiti":2,"iceandfire:silver_pickaxe":88,"minecraft:apple":1,"iceandfire:frost_troll_leather_helmet":1,"minecraft:sunflower":1,"minecraft:bread":1,"iceandfire:deathworm_yellow_leggings":1,"travelersbackpack:white_sleeping_bag":2,"minecraft:stone_axe":94,"minecraft:diamond_sword":5,"iceandfire:dragonsteel_fire_helmet":1,"minecraft:cobblestone":71,"minecraft:bucket":38,"iceandfire:dread_stone_bricks_cracked":3},"minecraft:killed_by":{"minecraft:player":1,"minecraft:vindicator":4,"iceandfire:troll":1,"minecraft:vex":2},"minecraft:mined":{"minecraft:spruce_planks":4,"iceandfire:deepslate_silver_ore":2,"iceandfire:dread_spawner":5,"travelersbackpack:white_sleeping_bag":3,"minecraft:spruce_leaves":17,"biomesoplenty:icy_iris":1,"minecraft:iron_ore":7,"iceandfire:dragon_bone_block":3,"minecraft:bookshelf":3,"biomesoplenty:rainbow_birch_leaves":7,"minecraft:stone":79,"iceandfire:dread_stone_bricks_cracked":9,"minecraft:clay":1,"minecraft:crafting_table":3,"minecraft:torch":4,"minecraft:chest":1,"minecraft:cobblestone":6,"biomesoplenty:sprout":1,"minecraft:diorite":8,"minecraft:wall_torch":10,"minecraft:ice":2,"minecraft:spruce_log":7,"minecraft:grass":2,"iceandfire:dread_stone_bricks_mossy":4,"minecraft:coal_ore":81,"minecraft:sunflower":1,"minecraft:dirt":1,"minecraft:polished_andesite":2,"minecraft:stone_bricks":2,"iceandfire:dread_stone_bricks":22,"minecraft:deepslate":10}},"DataVersion":3465}