{"stats":{"minecraft:mined":{"minecraft:grass_block":3,"minecraft:coarse_dirt":1,"minecraft:dirt":2},"minecraft:custom":{"minecraft:jump":10,"minecraft:open_chest":2,"minecraft:time_since_rest":4923,"minecraft:crouch_one_cm":471,"minecraft:sprint_one_cm":1493,"minecraft:play_time":4923,"minecraft:damage_taken":35,"minecraft:time_since_death":4923,"minecraft:walk_one_cm":2026,"minecraft:sneak_time":215,"minecraft:total_world_time":4923,"minecraft:fly_one_cm":48656},"minecraft:picked_up":{"minecraft:dirt":4}},"DataVersion":3465}