{"stats":{"minecraft:killed":{"minecraft:skeleton":1},"minecraft:custom":{"minecraft:time_since_rest":64194,"minecraft:crouch_one_cm":568,"minecraft:sprint_one_cm":12017,"minecraft:play_time":64194,"minecraft:damage_taken":115,"minecraft:walk_one_cm":10391,"minecraft:sneak_time":522,"minecraft:walk_under_water_one_cm":747,"minecraft:mob_kills":1,"minecraft:drop":5,"minecraft:jump":149,"minecraft:damage_dealt":200,"minecraft:leave_game":3,"minecraft:walk_on_water_one_cm":1606,"minecraft:time_since_death":64194,"minecraft:total_world_time":64194,"minecraft:fly_one_cm":230310},"minecraft:dropped":{"minecraft:spruce_leaves":1,"immersive_paintings:glow_painting":1,"minecraft:oak_leaves":1,"minecraft:grass_block":2},"minecraft:picked_up":{"immersive_paintings:glow_painting":1},"minecraft:used":{"minecraft:oak_leaves":12,"iceandfire:dragonsteel_fire_helmet":1,"minecraft:diamond_sword":5,"iceandfire:deathworm_yellow_boots":1,"minecraft:dirt":4,"minecraft:skeleton_spawn_egg":2,"iceandfire:dragonsteel_fire_leggings":1,"immersive_paintings:painting":11,"minecraft:grass_block":115,"iceandfire:deathworm_yellow_chestplate":1,"iceandfire:deathworm_yellow_leggings":1,"immersive_paintings:glow_painting":3,"iceandfire:dragonsteel_fire_chestplate":1,"iceandfire:dragonsteel_fire_boots":1,"immersive_paintings:glow_graffiti":2,"immersive_paintings:graffiti":2,"iceandfire:deathworm_yellow_helmet":1}},"DataVersion":3465}