{"stats":{"minecraft:crafted":{"minecraft:cooked_chicken":1,"minecraft:furnace":1,"minecraft:cooked_mutton":7,"minecraft:stone_pickaxe":2,"minecraft:spruce_boat":1,"weaponmaster:weaponkit":1,"iceandfire:silver_axe":1,"minecraft:cooked_beef":6,"minecraft:diamond_sword":1,"iceandfire:silver_ingot":4,"minecraft:cooked_porkchop":4,"minecraft:crafting_table":2,"minecraft:spruce_planks":160,"minecraft:wooden_pickaxe":2,"minecraft:iron_sword":1,"minecraft:stone_axe":2,"minecraft:air":0,"minecraft:shield":1,"minecraft:stick":28,"minecraft:iron_ingot":7,"minecraft:wooden_axe":3,"minecraft:white_bed":1,"iceandfire:silver_pickaxe":1},"minecraft:dropped":{"minecraft:iron_sword":3,"minecraft:tnt":64,"minecraft:feather":1,"minecraft:cobblestone":6,"minecraft:prismarine_crystals":4,"minecraft:dirt":3,"minecraft:wooden_axe":2,"minecraft:spruce_sapling":2,"minecraft:lever":65,"minecraft:tuff":2,"minecraft:chicken":1,"minecraft:rotten_flesh":1,"minecraft:andesite":1,"minecraft:chest":64,"minecraft:spider_eye":1,"travelersbackpack:skeleton":1,"minecraft:wooden_pickaxe":2,"minecraft:bow":4,"minecraft:stone_pickaxe":1},"minecraft:broken":{"minecraft:stone_axe":1,"minecraft:wooden_axe":1},"minecraft:killed_by":{"minecraft:skeleton":6,"minecraft:zombie":2},"minecraft:custom":{"minecraft:mob_kills":1229,"minecraft:inspect_hopper":11,"minecraft:interact_with_crafting_table":20,"minecraft:open_barrel":3,"minecraft:leave_game":11,"minecraft:time_since_death":3603,"minecraft:climb_one_cm":1049,"minecraft:sprint_one_cm":148255,"minecraft:walk_one_cm":177857,"minecraft:drop":40,"minecraft:play_time":250651,"minecraft:deaths":15,"minecraft:sneak_time":10172,"minecraft:walk_under_water_one_cm":27758,"minecraft:boat_one_cm":329954,"minecraft:jump":1304,"minecraft:walk_on_water_one_cm":29947,"minecraft:total_world_time":250651,"minecraft:interact_with_furnace":27,"minecraft:time_since_rest":3630,"minecraft:waystone_activated":1,"minecraft:damage_taken":8144,"minecraft:damage_dealt":16213,"minecraft:swim_one_cm":41171,"minecraft:fly_one_cm":1485180,"minecraft:player_kills":1,"minecraft:open_chest":77,"minecraft:crouch_one_cm":28132,"minecraft:fall_one_cm":66199},"minecraft:mined":{"minecraft:tuff":2,"minecraft:spruce_planks":2,"iceandfire:silver_ore":4,"minecraft:deepslate_diamond_ore":6,"minecraft:spruce_leaves":16,"minecraft:large_fern":4,"minecraft:furnace":3,"minecraft:iron_ore":6,"minecraft:cobbled_deepslate":1,"minecraft:andesite":1,"minecraft:deepslate_lapis_ore":2,"minecraft:deepslate_iron_ore":1,"biomesoplenty:origin_grass_block":1,"minecraft:stone":59,"minecraft:crafting_table":10,"minecraft:cobblestone":13,"biomesoplenty:huge_clover_petal":1,"minecraft:spruce_log":41,"minecraft:grass":3,"biomesoplenty:clover":1,"minecraft:coal_ore":31,"minecraft:sand":2,"minecraft:dirt":2,"minecraft:deepslate":79,"minecraft:fern":1},"minecraft:picked_up":{"minecraft:crafting_table":10,"minecraft:chicken":2,"minecraft:string":2,"minecraft:cobbled_deepslate":80,"minecraft:spruce_planks":2,"minecraft:beef":9,"minecraft:egg":2,"minecraft:furnace":3,"iceandfire:dragonscales_gray":13,"minecraft:golden_helmet":1,"iceandfire:dragonbone":6,"minecraft:stick":2,"minecraft:raw_iron":7,"minecraft:porkchop":4,"minecraft:prismarine_crystals":4,"minecraft:arrow":66,"minecraft:rotten_flesh":51,"iceandfire:fire_dragon_heart":1,"minecraft:mutton":7,"minecraft:white_wool":4,"minecraft:cobblestone":70,"minecraft:feather":1,"minecraft:andesite":1,"securitycraft:claymore":1,"minecraft:leather":5,"minecraft:potato":1,"minecraft:tuff":2,"minecraft:gunpowder":67,"minecraft:lapis_lazuli":14,"minecraft:dirt":3,"minecraft:bone":65,"minecraft:bow":5,"travelersbackpack:coal":1,"travelersbackpack:skeleton":1,"iceandfire:fire_dragon_flesh":2,"minecraft:iron_sword":2,"iceandfire:amphithere_feather":2,"iceandfire:dragon_skull_fire":1,"iceandfire:shiny_scales":5,"minecraft:sand":2,"minecraft:spruce_sapling":5,"minecraft:spruce_log":40,"minecraft:spider_eye":1,"minecraft:diamond":6,"minecraft:spruce_boat":6,"minecraft:lever":1,"minecraft:coal":30,"iceandfire:raw_silver":4},"minecraft:used":{"minecraft:oak_trapdoor":260,"securitycraft:reinforced_stone_pressure_plate":1,"minecraft:jungle_leaves":132,"minecraft:ladder":4,"minecraft:chest":5,"minecraft:spruce_planks":13,"minecraft:iron_sword":206,"weaponmaster:workstation":1,"minecraft:cooked_chicken":1,"minecraft:rotten_flesh":3,"minecraft:torch":2,"minecraft:skeleton_spawn_egg":1,"minecraft:hopper":5,"minecraft:dark_oak_planks":1,"minecraft:spruce_boat":6,"minecraft:wooden_axe":65,"minecraft:lava_bucket":2,"iceandfire:dragonsteel_fire_sword":5,"minecraft:furnace":4,"minecraft:egg":2,"minecraft:cooked_beef":6,"minecraft:cobbled_deepslate":30,"uniquedungeons:crystal":1,"minecraft:cooked_mutton":7,"minecraft:water_bucket":9,"minecraft:cobblestone_stairs":10,"minecraft:stone_pickaxe":87,"minecraft:wooden_pickaxe":13,"minecraft:cobblestone_slab":1026,"securitycraft:claymore":2,"minecraft:calibrated_sculk_sensor":1,"minecraft:sand":2,"minecraft:tnt":14,"minecraft:crafting_table":11,"minecraft:sculk_shrieker":1,"minecraft:white_bed":1,"iceandfire:silver_axe":57,"minecraft:lightning_rod":1,"iceandfire:silver_pickaxe":112,"waystones:waystone":1,"minecraft:lever":4,"securitycraft:smoker_mine":1,"iceandfire:dragonsteel_ice_sword":12,"minecraft:spruce_sapling":1,"minecraft:stone_axe":83,"minecraft:diamond_sword":12,"minecraft:cobblestone":841,"iceandfire:dragon_skull_fire":7,"minecraft:cooked_porkchop":2,"uniquedungeons:ice_cone":1},"minecraft:killed":{"minecraft:spider":4,"weaponmaster:ability_skeleton_grenade_skeletons":2,"minecraft:skeleton":379,"iceandfire:fire_dragon":1,"iceandfire:siren":1,"minecraft:chicken":3,"minecraft:pig":2,"iceandfire:amphithere":2,"minecraft:creeper":427,"minecraft:sheep":4,"minecraft:zombie":391,"iceandfire:ghost":2,"minecraft:cow":4}},"DataVersion":3465}