{"stats":{"minecraft:broken":{"minecraft:iron_pickaxe":1},"minecraft:used":{"minecraft:stone_pickaxe":121,"minecraft:wooden_pickaxe":7,"minecraft:netherrack":45,"minecraft:torch":36,"minecraft:dirt":5,"minecraft:crafting_table":5,"minecraft:obsidian":4,"minecraft:iron_pickaxe":299,"minecraft:spruce_sapling":3,"minecraft:stone_axe":27,"minecraft:golden_sword":6,"minecraft:fire_charge":1,"minecraft:magma_block":3,"minecraft:furnace":1,"minecraft:cooked_beef":3,"minecraft:golden_pickaxe":4,"minecraft:pointed_dripstone":2},"minecraft:dropped":{"minecraft:wheat_seeds":3,"minecraft:oak_planks":2,"minecraft:nether_bricks":2,"minecraft:dirt":5,"minecraft:wooden_pickaxe":1,"minecraft:stone_pickaxe":2},"minecraft:crafted":{"minecraft:oak_planks":16,"minecraft:crafting_table":1,"minecraft:wooden_pickaxe":1,"minecraft:furnace":1,"minecraft:golden_pickaxe":1,"minecraft:birch_planks":4,"minecraft:stone_axe":1,"minecraft:air":0,"minecraft:stick":24,"minecraft:iron_ingot":16,"minecraft:iron_pickaxe":2,"minecraft:stone_pickaxe":1,"minecraft:andesite":6,"minecraft:torch":24},"minecraft:killed":{"creeperoverhaul:dripstone_creeper":1,"minecraft:skeleton":3,"minecraft:piglin_brute":2},"minecraft:mined":{"create:zinc_ore":25,"expore:exp_ore":4,"minecraft:crafting_table":5,"minecraft:torch":6,"minecraft:nether_bricks":2,"minecraft:emerald_ore":1,"minecraft:grass_block":3,"gobber2:gobber2_lucky_block":1,"minecraft:copper_ore":37,"minecraft:diorite":3,"minecraft:wall_torch":9,"minecraft:spawner":3,"minecraft:coarse_dirt":1,"minecraft:spruce_sapling":3,"minecraft:furnace":1,"minecraft:iron_ore":15,"minecraft:andesite":87,"minecraft:grass":19,"minecraft:oak_log":4,"minecraft:pointed_dripstone":1,"minecraft:coal_ore":44,"minecraft:dirt":7,"minecraft:stone":79,"minecraft:netherrack":113},"minecraft:custom":{"minecraft:interact_with_furnace":5,"minecraft:mob_kills":6,"minecraft:interact_with_crafting_table":6,"minecraft:leave_game":2,"minecraft:time_since_death":33058,"minecraft:time_since_rest":33089,"minecraft:sprint_one_cm":69302,"minecraft:damage_taken":583,"minecraft:walk_one_cm":66111,"minecraft:drop":10,"minecraft:damage_dealt":1991,"minecraft:fly_one_cm":181806,"minecraft:open_chest":10,"minecraft:crouch_one_cm":8584,"minecraft:play_time":51903,"minecraft:deaths":1,"minecraft:sneak_time":3659,"minecraft:jump":346,"minecraft:walk_on_water_one_cm":1831,"minecraft:total_world_time":51903,"minecraft:fall_one_cm":12961},"minecraft:picked_up":{"minecraft:birch_log":1,"minecraft:magma_block":3,"minecraft:crafting_table":5,"minecraft:andesite":87,"create:raw_zinc":25,"minecraft:oak_log":4,"minecraft:gunpowder":2,"minecraft:dirt":10,"minecraft:raw_copper":130,"minecraft:bone":4,"minecraft:wheat_seeds":3,"minecraft:stone_pickaxe":1,"minecraft:oak_planks":1,"minecraft:furnace":1,"minecraft:raw_iron":15,"minecraft:torch":15,"minecraft:spruce_sapling":3,"minecraft:pointed_dripstone":2,"minecraft:diorite":3,"gobber2:gobber2_foo":1,"minecraft:arrow":2,"minecraft:nether_bricks":2,"minecraft:emerald":1,"minecraft:netherrack":121,"minecraft:coal":43,"minecraft:cobblestone":79}},"DataVersion":3465}