{"stats":{"minecraft:custom":{"minecraft:time_since_rest":30565,"minecraft:crouch_one_cm":163,"minecraft:sprint_one_cm":7388,"minecraft:play_time":30565,"minecraft:damage_taken":115,"minecraft:walk_one_cm":4186,"minecraft:sneak_time":113,"minecraft:mob_kills":1,"minecraft:drop":1,"minecraft:jump":41,"minecraft:damage_dealt":200,"minecraft:leave_game":1,"minecraft:time_since_death":30565,"minecraft:total_world_time":30565,"minecraft:fly_one_cm":42231},"minecraft:picked_up":{"immersive_paintings:glow_painting":1},"minecraft:used":{"minecraft:diamond_sword":5,"minecraft:dirt":4,"minecraft:skeleton_spawn_egg":2,"immersive_paintings:painting":1,"minecraft:grass_block":3,"immersive_paintings:glow_painting":3,"immersive_paintings:glow_graffiti":2,"immersive_paintings:graffiti":1},"minecraft:dropped":{"immersive_paintings:glow_painting":1},"minecraft:killed":{"minecraft:skeleton":1}},"DataVersion":3465}