{"stats":{"minecraft:killed":{"iceandfire:hippogryph":7,"minecraft:cave_spider":5,"minecraft:witch":9,"iceandfire:gorgon":1,"minecraft:spider":6,"minecraft:skeleton":588,"iceandfire:fire_dragon":1,"iceandfire:cyclops":1,"minecraft:zombie_villager":13,"minecraft:creeper":620,"minecraft:sheep":1,"minecraft:goat":1,"minecraft:zombie":531,"iceandfire:ghost":3,"minecraft:cow":1,"iceandfire:sea_serpent":1,"minecraft:enderman":2},"minecraft:picked_up":{"minecraft:crafting_table":6,"minecraft:coarse_dirt":3,"minecraft:redstone_block":1,"minecraft:splash_potion":3,"biomesoplenty:flesh":4,"minecraft:wooden_pickaxe":1,"minecraft:gold_block":2,"minecraft:potion":1,"uniquedungeons:ancient_root_item":6,"minecraft:string":9,"minecraft:armor_stand":1,"minecraft:cracked_stone_bricks":8,"minecraft:beef":1,"minecraft:rose_bush":1,"uniquedungeons:antique_pebble":2,"minecraft:furnace":3,"minecraft:golden_helmet":1,"iceandfire:dragonbone":12,"minecraft:stick":10,"minecraft:raw_iron":32,"minecraft:raw_gold_block":9,"minecraft:dried_kelp":10,"minecraft:redstone":5,"iceandfire:sea_serpent_scales_purple":9,"iceandfire:silver_ingot":1,"minecraft:arrow":65,"minecraft:honey_bottle":10,"minecraft:rotten_flesh":78,"iceandfire:fire_dragon_heart":1,"minecraft:mutton":4,"minecraft:bone_block":3,"minecraft:white_wool":5,"minecraft:cobblestone":55,"iceandfire:sea_serpent_fang":13,"minecraft:leather":15,"uniquedungeons:ceramic_shard":28,"minecraft:oak_log":17,"minecraft:golden_boots":1,"minecraft:gunpowder":60,"minecraft:dirt":21,"iceandfire:dragonscales_bronze":17,"minecraft:orange_terracotta":4,"minecraft:bone":71,"minecraft:stone_bricks":11,"minecraft:bow":8,"minecraft:wheat_seeds":2,"minecraft:raw_gold":22,"minecraft:iron_ingot":6,"minecraft:stone_pickaxe":1,"minecraft:mossy_stone_bricks":6,"minecraft:oak_planks":58,"minecraft:black_candle":2,"minecraft:stone_brick_slab":1,"iceandfire:dragon_skull_fire":1,"biomesoplenty:porous_flesh":1,"minecraft:spider_eye":1,"minecraft:mossy_cobblestone":2,"iceandfire:dragonegg_red":1,"iceandfire:silver_pickaxe":1,"minecraft:sugar":2,"minecraft:stone_axe":1,"waystones:waystone":2,"minecraft:warped_roots":1,"minecraft:bread":12,"biomesoplenty:pink_daffodil":12,"iceandfire:gorgon_head":1,"minecraft:terracotta":2,"minecraft:coal":21,"iceandfire:raw_silver":8},"minecraft:custom":{"minecraft:mob_kills":1810,"minecraft:inspect_hopper":14,"minecraft:interact_with_crafting_table":26,"minecraft:open_barrel":11,"minecraft:leave_game":2,"minecraft:time_since_death":43848,"minecraft:climb_one_cm":814,"minecraft:damage_resisted":6,"minecraft:sprint_one_cm":234753,"minecraft:walk_one_cm":285602,"minecraft:drop":41,"minecraft:play_time":269772,"minecraft:deaths":19,"minecraft:sneak_time":17480,"minecraft:walk_under_water_one_cm":28675,"minecraft:jump":1694,"minecraft:interact_with_blast_furnace":1,"minecraft:walk_on_water_one_cm":34103,"minecraft:total_world_time":269772,"minecraft:interact_with_furnace":25,"minecraft:sleep_in_bed":3,"minecraft:time_since_rest":43874,"minecraft:waystone_activated":5,"minecraft:damage_taken":2147483647,"minecraft:damage_absorbed":427,"minecraft:trigger_trapped_chest":2,"minecraft:damage_dealt":7701,"minecraft:swim_one_cm":31476,"minecraft:fly_one_cm":953134,"minecraft:player_kills":7,"minecraft:open_chest":73,"minecraft:crouch_one_cm":59378,"minecraft:fall_one_cm":79784},"minecraft:dropped":{"minecraft:golden_boots":1,"minecraft:wheat_seeds":2,"minecraft:golden_helmet":1,"minecraft:cobblestone":4,"minecraft:warped_roots":1,"uniquedungeons:ceramic_shard":28,"minecraft:cracked_stone_bricks":4,"minecraft:grass_block":1,"uniquedungeons:ancient_root_item":6,"minecraft:black_candle":2,"minecraft:wooden_axe":1,"minecraft:rose_bush":1,"minecraft:dried_kelp":10,"minecraft:sugar":2,"minecraft:redstone_block":1,"minecraft:stone_brick_slab":1,"minecraft:stone_axe":1,"weaponmaster:weaponkit":1,"minecraft:gunpowder":3,"minecraft:mossy_stone_bricks":6,"minecraft:stone_bricks":11,"minecraft:spider_eye":1,"uniquedungeons:antique_pebble":1,"minecraft:arrow":6,"minecraft:bow":3,"minecraft:stone_pickaxe":1,"minecraft:wooden_pickaxe":2,"minecraft:raw_gold":5,"biomesoplenty:flesh":1,"iceandfire:manuscript":1,"minecraft:terracotta":2},"minecraft:mined":{"uniquedungeons:urn":12,"iceandfire:silver_ore":6,"minecraft:mossy_cobblestone":2,"minecraft:grass_block":1,"minecraft:redstone_wire":2,"minecraft:sandstone":2,"uniquedungeons:flame_thrower":4,"minecraft:furnace":2,"minecraft:raw_gold_block":9,"minecraft:iron_ore":18,"minecraft:fire":1,"biomesoplenty:flesh":4,"minecraft:gold_block":2,"biomesoplenty:high_grass":5,"minecraft:vine":1,"minecraft:small_amethyst_bud":1,"minecraft:black_candle":1,"minecraft:stone":40,"minecraft:bone_block":4,"minecraft:tripwire":9,"biomesoplenty:porous_flesh":1,"minecraft:redstone_block":2,"minecraft:stone_brick_slab":1,"minecraft:smooth_sandstone":1,"minecraft:crafting_table":5,"minecraft:rose_bush":2,"minecraft:dead_bush":11,"biomesoplenty:high_grass_plant":7,"minecraft:tall_grass":2,"minecraft:cobblestone":4,"minecraft:oak_planks":5,"biomesoplenty:pink_daffodil":12,"uniquedungeons:antique_pebble_pressure_plate":1,"minecraft:grass":10,"minecraft:coal_ore":11,"minecraft:oak_log":17,"minecraft:cracked_stone_bricks":9,"minecraft:terracotta":2,"minecraft:tripwire_hook":1,"minecraft:stone_bricks":42,"minecraft:mossy_stone_bricks":8,"minecraft:gold_ore":4,"minecraft:oak_leaves":7,"uniquedungeons:disguised_dispenser":1},"minecraft:killed_by":{"minecraft:player":1,"minecraft:creeper":2,"iceandfire:gorgon":1,"minecraft:cave_spider":2},"minecraft:crafted":{"iceandfire:dragonbone_axe":1,"minecraft:oak_planks":68,"iceandfire:dragonbone_shovel":1,"iceandfire:dragonbone_sword_fire":1,"minecraft:furnace":1,"minecraft:heavy_weighted_pressure_plate":1,"iceandfire:tide_purple_chestplate":1,"minecraft:iron_bars":16,"travelersbackpack:gold":1,"minecraft:stone_pickaxe":1,"minecraft:chest":2,"iceandfire:silver_axe":1,"iceandfire:dragonbone_sword":1,"iceandfire:silver_ingot":6,"minecraft:crafting_table":2,"iceandfire:armor_bronze_boots":1,"minecraft:wooden_pickaxe":1,"travelersbackpack:standard":1,"minecraft:bucket":1,"minecraft:stone_axe":1,"iceandfire:dragonbone_pickaxe":1,"minecraft:air":0,"minecraft:shield":1,"minecraft:raw_gold":73,"minecraft:stick":16,"minecraft:iron_ingot":3,"minecraft:wooden_axe":1,"minecraft:gold_ingot":34,"iceandfire:armor_bronze_leggings":1,"iceandfire:armor_bronze_helmet":1,"iceandfire:silver_pickaxe":1,"iceandfire:silver_sword":1,"securitycraft:sc_manual":1},"minecraft:used":{"minecraft:oak_trapdoor":177,"minecraft:flint_and_steel":1,"iceandfire:silver_sword":124,"minecraft:armor_stand":1,"securitycraft:keypad_chest":1,"minecraft:bone_block":3,"minecraft:ladder":13,"minecraft:chest":6,"weaponmaster:workstation":1,"minecraft:rotten_flesh":10,"minecraft:torch":243,"minecraft:dirt":12,"minecraft:skeleton_spawn_egg":1,"minecraft:hopper":4,"minecraft:obsidian":13,"minecraft:honey_bottle":2,"minecraft:wooden_axe":15,"minecraft:grass_block":65,"minecraft:iron_axe":8,"minecraft:bow":11,"minecraft:furnace":3,"biomesoplenty:flesh":3,"minecraft:orange_terracotta":4,"minecraft:enchanted_golden_apple":3,"minecraft:water_bucket":8,"minecraft:cobblestone_stairs":12,"minecraft:stone_pickaxe":44,"minecraft:oak_planks":33,"minecraft:ender_pearl":3,"minecraft:wooden_pickaxe":13,"minecraft:cobblestone_slab":4,"minecraft:cracked_stone_bricks":4,"minecraft:white_wool":1,"minecraft:mossy_cobblestone":2,"travelersbackpack:bee":2,"minecraft:crafting_table":6,"minecraft:red_bed":1,"weaponmaster:wm_broadswordlarge":20,"iceandfire:silver_axe":44,"iceandfire:tide_purple_chestplate":1,"iceandfire:silver_pickaxe":112,"waystones:waystone":5,"minecraft:diamond_pickaxe":9,"biomesoplenty:pink_daffodil":1,"iceandfire:dragonbone_sword_fire":14,"biomesoplenty:porous_flesh":1,"minecraft:bread":12,"minecraft:iron_pickaxe":22,"minecraft:stone_axe":11,"minecraft:cobblestone":2248,"minecraft:bucket":1,"minecraft:splash_potion":2},"minecraft:broken":{"minecraft:leather_boots":1}},"DataVersion":3465}