{"stats":{"minecraft:killed":{"minecraft:zombie_villager":4,"minecraft:spider":4,"minecraft:creeper":131,"minecraft:skeleton":122,"minecraft:zombie":106,"minecraft:enderman":1},"minecraft:picked_up":{"minecraft:coarse_dirt":3,"minecraft:crafting_table":5,"minecraft:oak_log":17,"minecraft:gunpowder":12,"minecraft:string":4,"minecraft:dirt":20,"minecraft:orange_terracotta":4,"minecraft:bone":19,"minecraft:bow":1,"minecraft:raw_gold":9,"minecraft:iron_ingot":3,"minecraft:stone_pickaxe":1,"minecraft:oak_planks":54,"minecraft:furnace":3,"minecraft:raw_iron":24,"minecraft:stick":2,"iceandfire:silver_pickaxe":1,"iceandfire:silver_ingot":1,"minecraft:arrow":11,"minecraft:rotten_flesh":16,"minecraft:stone_axe":1,"waystones:waystone":1,"minecraft:coal":21,"iceandfire:raw_silver":8,"minecraft:cobblestone":52},"minecraft:custom":{"minecraft:interact_with_furnace":10,"minecraft:mob_kills":378,"minecraft:inspect_hopper":2,"minecraft:interact_with_crafting_table":8,"minecraft:leave_game":1,"minecraft:time_since_death":70211,"minecraft:sleep_in_bed":1,"minecraft:climb_one_cm":15,"minecraft:damage_resisted":6,"minecraft:time_since_rest":24370,"minecraft:waystone_activated":3,"minecraft:sprint_one_cm":73656,"minecraft:walk_one_cm":99318,"minecraft:damage_taken":912,"minecraft:damage_absorbed":24,"minecraft:drop":9,"minecraft:damage_dealt":6098,"minecraft:swim_one_cm":1164,"minecraft:fly_one_cm":557455,"minecraft:open_chest":9,"minecraft:crouch_one_cm":14913,"minecraft:play_time":106304,"minecraft:deaths":3,"minecraft:sneak_time":6156,"minecraft:walk_under_water_one_cm":4806,"minecraft:jump":642,"minecraft:walk_on_water_one_cm":5054,"minecraft:total_world_time":106304,"minecraft:fall_one_cm":15499},"minecraft:dropped":{"minecraft:stone_axe":1,"minecraft:cobblestone":3,"minecraft:grass_block":1,"minecraft:wooden_axe":1,"minecraft:bow":1,"minecraft:stone_pickaxe":1,"minecraft:wooden_pickaxe":1},"minecraft:mined":{"iceandfire:silver_ore":6,"minecraft:crafting_table":4,"minecraft:dead_bush":1,"minecraft:cobblestone":4,"minecraft:oak_planks":1,"minecraft:furnace":2,"minecraft:iron_ore":10,"minecraft:oak_log":17,"minecraft:coal_ore":11,"minecraft:stone":40,"minecraft:gold_ore":4,"minecraft:oak_leaves":5},"minecraft:killed_by":{"minecraft:creeper":2},"minecraft:used":{"minecraft:oak_trapdoor":177,"minecraft:water_bucket":8,"minecraft:cobblestone_stairs":12,"iceandfire:silver_sword":77,"minecraft:ladder":13,"minecraft:stone_pickaxe":44,"minecraft:oak_planks":10,"minecraft:ender_pearl":3,"minecraft:chest":5,"minecraft:wooden_pickaxe":13,"weaponmaster:workstation":1,"minecraft:cobblestone_slab":4,"minecraft:torch":243,"minecraft:dirt":11,"minecraft:skeleton_spawn_egg":1,"minecraft:crafting_table":5,"minecraft:hopper":4,"minecraft:red_bed":1,"iceandfire:silver_axe":40,"iceandfire:silver_pickaxe":22,"waystones:waystone":3,"minecraft:wooden_axe":15,"minecraft:grass_block":65,"minecraft:stone_axe":11,"minecraft:cobblestone":2130,"minecraft:furnace":3,"minecraft:orange_terracotta":4,"minecraft:enchanted_golden_apple":3},"minecraft:crafted":{"iceandfire:silver_axe":1,"minecraft:oak_planks":68,"iceandfire:silver_ingot":6,"minecraft:crafting_table":1,"minecraft:wooden_pickaxe":1,"minecraft:furnace":1,"minecraft:stone_axe":1,"minecraft:air":0,"minecraft:stick":16,"minecraft:iron_ingot":3,"minecraft:stone_pickaxe":1,"minecraft:wooden_axe":1,"iceandfire:silver_pickaxe":1,"iceandfire:silver_sword":1}},"DataVersion":3465}