{"stats":{"minecraft:used":{"minecraft:stone_pickaxe":120,"minecraft:iron_pickaxe":201,"minecraft:wooden_pickaxe":7,"minecraft:spruce_sapling":3,"minecraft:torch":23,"minecraft:netherrack":42,"minecraft:stone_axe":24,"minecraft:fire_charge":1,"minecraft:dirt":5,"minecraft:magma_block":3,"minecraft:crafting_table":4,"minecraft:golden_pickaxe":4,"minecraft:obsidian":4},"minecraft:dropped":{"minecraft:wheat_seeds":1,"minecraft:wooden_pickaxe":1},"minecraft:crafted":{"minecraft:oak_planks":16,"minecraft:crafting_table":1,"minecraft:stick":12,"minecraft:wooden_pickaxe":1,"minecraft:iron_ingot":1,"minecraft:iron_pickaxe":1,"minecraft:stone_pickaxe":1,"minecraft:golden_pickaxe":1,"minecraft:andesite":6,"minecraft:torch":8,"minecraft:birch_planks":4,"minecraft:stone_axe":1},"minecraft:killed":{"minecraft:skeleton":2,"minecraft:piglin_brute":2},"minecraft:mined":{"minecraft:coarse_dirt":1,"minecraft:spruce_sapling":3,"minecraft:iron_ore":15,"minecraft:andesite":74,"minecraft:torch":6,"minecraft:crafting_table":4,"minecraft:emerald_ore":1,"minecraft:nether_bricks":2,"minecraft:grass":17,"minecraft:coal_ore":30,"minecraft:grass_block":3,"minecraft:oak_log":4,"minecraft:dirt":7,"minecraft:stone":76,"minecraft:netherrack":113,"minecraft:diorite":3,"minecraft:wall_torch":9,"minecraft:spawner":3},"minecraft:custom":{"minecraft:time_since_rest":21918,"minecraft:sprint_one_cm":50395,"minecraft:damage_taken":420,"minecraft:walk_one_cm":47687,"minecraft:mob_kills":4,"minecraft:drop":2,"minecraft:damage_dealt":1670,"minecraft:interact_with_crafting_table":4,"minecraft:fly_one_cm":163058,"minecraft:open_chest":10,"minecraft:crouch_one_cm":7528,"minecraft:play_time":40732,"minecraft:deaths":1,"minecraft:sneak_time":3197,"minecraft:jump":241,"minecraft:walk_on_water_one_cm":1337,"minecraft:leave_game":1,"minecraft:time_since_death":21887,"minecraft:total_world_time":40732,"minecraft:fall_one_cm":9078},"minecraft:picked_up":{"minecraft:birch_log":1,"minecraft:raw_iron":15,"minecraft:crafting_table":4,"minecraft:magma_block":3,"minecraft:andesite":74,"minecraft:torch":15,"minecraft:oak_log":4,"minecraft:spruce_sapling":3,"minecraft:diorite":3,"minecraft:dirt":10,"minecraft:bone":4,"minecraft:arrow":2,"minecraft:wheat_seeds":2,"minecraft:nether_bricks":2,"minecraft:emerald":1,"minecraft:netherrack":121,"minecraft:coal":29,"minecraft:cobblestone":76}},"DataVersion":3465}