{"stats":{"minecraft:killed":{"iceandfire:hippogryph":7,"minecraft:cave_spider":5,"minecraft:witch":3,"minecraft:spider":4,"minecraft:skeleton":249,"minecraft:zombie_villager":8,"minecraft:creeper":291,"minecraft:zombie":220,"iceandfire:ghost":1,"minecraft:enderman":1},"minecraft:picked_up":{"minecraft:crafting_table":5,"minecraft:coarse_dirt":3,"minecraft:splash_potion":3,"minecraft:wooden_pickaxe":1,"minecraft:potion":1,"uniquedungeons:ancient_root_item":6,"minecraft:string":9,"minecraft:armor_stand":1,"minecraft:beef":1,"uniquedungeons:antique_pebble":2,"minecraft:furnace":3,"minecraft:golden_helmet":1,"minecraft:stick":10,"minecraft:raw_iron":32,"minecraft:raw_gold_block":9,"minecraft:dried_kelp":10,"iceandfire:silver_ingot":1,"minecraft:arrow":11,"minecraft:honey_bottle":10,"minecraft:rotten_flesh":16,"minecraft:cobblestone":53,"minecraft:leather":12,"uniquedungeons:ceramic_shard":28,"minecraft:oak_log":17,"minecraft:golden_boots":1,"minecraft:gunpowder":18,"minecraft:dirt":21,"minecraft:orange_terracotta":4,"minecraft:bone":21,"minecraft:bow":2,"minecraft:raw_gold":22,"minecraft:iron_ingot":6,"minecraft:stone_pickaxe":1,"minecraft:oak_planks":55,"minecraft:black_candle":2,"minecraft:spider_eye":1,"iceandfire:silver_pickaxe":1,"minecraft:stone_axe":1,"waystones:waystone":1,"minecraft:bread":12,"minecraft:terracotta":2,"minecraft:coal":21,"iceandfire:raw_silver":8},"minecraft:custom":{"minecraft:mob_kills":799,"minecraft:inspect_hopper":7,"minecraft:interact_with_crafting_table":21,"minecraft:open_barrel":11,"minecraft:leave_game":1,"minecraft:time_since_death":3833,"minecraft:climb_one_cm":515,"minecraft:damage_resisted":6,"minecraft:sprint_one_cm":118800,"minecraft:walk_one_cm":181748,"minecraft:drop":30,"minecraft:play_time":166304,"minecraft:deaths":10,"minecraft:sneak_time":10462,"minecraft:walk_under_water_one_cm":16526,"minecraft:jump":984,"minecraft:interact_with_blast_furnace":1,"minecraft:walk_on_water_one_cm":6811,"minecraft:total_world_time":166304,"minecraft:interact_with_furnace":23,"minecraft:sleep_in_bed":2,"minecraft:time_since_rest":3860,"minecraft:waystone_activated":4,"minecraft:damage_taken":4281,"minecraft:damage_absorbed":24,"minecraft:trigger_trapped_chest":1,"minecraft:damage_dealt":6370,"minecraft:swim_one_cm":10980,"minecraft:fly_one_cm":644601,"minecraft:player_kills":6,"minecraft:open_chest":31,"minecraft:crouch_one_cm":32216,"minecraft:fall_one_cm":48471},"minecraft:dropped":{"minecraft:golden_boots":1,"minecraft:golden_helmet":1,"minecraft:cobblestone":4,"uniquedungeons:ceramic_shard":28,"minecraft:grass_block":1,"uniquedungeons:ancient_root_item":6,"minecraft:black_candle":2,"minecraft:wooden_axe":1,"minecraft:dried_kelp":10,"minecraft:stone_axe":1,"weaponmaster:weaponkit":1,"minecraft:gunpowder":3,"minecraft:spider_eye":1,"uniquedungeons:antique_pebble":1,"minecraft:arrow":6,"minecraft:bow":3,"minecraft:stone_pickaxe":1,"minecraft:wooden_pickaxe":2,"minecraft:raw_gold":5,"iceandfire:manuscript":1,"minecraft:terracotta":2},"minecraft:mined":{"uniquedungeons:urn":12,"iceandfire:silver_ore":6,"minecraft:grass_block":1,"minecraft:sandstone":2,"uniquedungeons:flame_thrower":4,"minecraft:furnace":2,"minecraft:raw_gold_block":9,"minecraft:iron_ore":18,"minecraft:fire":1,"minecraft:black_candle":1,"minecraft:stone":40,"minecraft:tripwire":9,"minecraft:redstone_block":1,"minecraft:smooth_sandstone":1,"minecraft:crafting_table":4,"minecraft:dead_bush":11,"minecraft:cobblestone":4,"minecraft:oak_planks":2,"uniquedungeons:antique_pebble_pressure_plate":1,"minecraft:coal_ore":11,"minecraft:oak_log":17,"minecraft:terracotta":2,"minecraft:tripwire_hook":1,"minecraft:gold_ore":4,"minecraft:oak_leaves":7,"uniquedungeons:disguised_dispenser":1},"minecraft:killed_by":{"minecraft:player":1,"minecraft:creeper":2,"minecraft:cave_spider":2},"minecraft:crafted":{"minecraft:oak_planks":68,"minecraft:furnace":1,"minecraft:heavy_weighted_pressure_plate":1,"minecraft:iron_bars":16,"travelersbackpack:gold":1,"minecraft:stone_pickaxe":1,"minecraft:chest":2,"iceandfire:silver_axe":1,"iceandfire:silver_ingot":6,"minecraft:crafting_table":1,"minecraft:wooden_pickaxe":1,"travelersbackpack:standard":1,"minecraft:stone_axe":1,"minecraft:air":0,"minecraft:shield":1,"minecraft:raw_gold":73,"minecraft:stick":16,"minecraft:iron_ingot":3,"minecraft:wooden_axe":1,"minecraft:gold_ingot":6,"iceandfire:silver_pickaxe":1,"iceandfire:silver_sword":1,"securitycraft:sc_manual":1},"minecraft:used":{"minecraft:oak_trapdoor":177,"iceandfire:silver_sword":115,"minecraft:armor_stand":1,"minecraft:ladder":13,"minecraft:chest":6,"weaponmaster:workstation":1,"minecraft:rotten_flesh":6,"minecraft:torch":243,"minecraft:dirt":12,"minecraft:skeleton_spawn_egg":1,"minecraft:hopper":4,"minecraft:honey_bottle":2,"minecraft:wooden_axe":15,"minecraft:grass_block":65,"minecraft:iron_axe":8,"minecraft:bow":11,"minecraft:furnace":3,"minecraft:orange_terracotta":4,"minecraft:enchanted_golden_apple":3,"minecraft:water_bucket":8,"minecraft:cobblestone_stairs":12,"minecraft:stone_pickaxe":44,"minecraft:oak_planks":19,"minecraft:ender_pearl":3,"minecraft:wooden_pickaxe":13,"minecraft:cobblestone_slab":4,"minecraft:crafting_table":5,"minecraft:red_bed":1,"iceandfire:silver_axe":40,"iceandfire:silver_pickaxe":40,"waystones:waystone":4,"minecraft:bread":10,"minecraft:iron_pickaxe":22,"minecraft:stone_axe":11,"minecraft:cobblestone":2130,"minecraft:splash_potion":2}},"DataVersion":3465}