{"stats":{"minecraft:killed":{"minecraft:cave_spider":1,"iceandfire:hippogryph":1,"minecraft:spider":2,"minecraft:skeleton":92,"minecraft:chicken":1,"minecraft:husk":1,"minecraft:pig":6,"minecraft:zombie_villager":3,"minecraft:creeper":94,"minecraft:sheep":16,"minecraft:zombie":86,"iceandfire:ghost":1,"minecraft:cow":15},"minecraft:picked_up":{"minecraft:charcoal":2,"minecraft:iron_chestplate":2,"minecraft:crafting_table":2,"minecraft:allium":29,"minecraft:azure_bluet":2,"minecraft:splash_potion":2,"minecraft:chicken":1,"minecraft:wooden_pickaxe":1,"weaponmaster:wm_rapierlarge":1,"minecraft:potion":2,"minecraft:gold_block":1,"uniquedungeons:ancient_root_item":11,"minecraft:golden_sword":1,"minecraft:cornflower":11,"minecraft:string":8,"biomesoplenty:yellow_autumn_sapling":1,"minecraft:iron_shovel":1,"minecraft:armor_stand":2,"minecraft:cobbled_deepslate":16,"minecraft:beef":38,"minecraft:white_tulip":15,"minecraft:calcite":4,"minecraft:chest":1,"minecraft:golden_helmet":1,"minecraft:stick":12,"minecraft:raw_iron":37,"weaponmaster:weaponkit":1,"minecraft:acacia_log":3,"minecraft:torch":7,"minecraft:porkchop":17,"uniquedungeons:ancient_note":2,"minecraft:redstone":120,"minecraft:golden_chestplate":1,"minecraft:arrow":1,"minecraft:rotten_flesh":12,"minecraft:pink_tulip":10,"minecraft:mutton":30,"minecraft:white_wool":24,"minecraft:cobblestone":112,"minecraft:magma_block":1,"minecraft:feather":3,"minecraft:lilac":2,"minecraft:andesite":320,"minecraft:leather":21,"uniquedungeons:dark_antique_gravel":5,"uniquedungeons:climbing_hook_item":1,"iceandfire:hippogryph_talon":2,"minecraft:oak_log":28,"minecraft:golden_boots":3,"minecraft:gunpowder":6,"minecraft:lapis_lazuli":29,"minecraft:dirt":460,"minecraft:bone":15,"travelersbackpack:cake":1,"minecraft:bow":1,"minecraft:orange_tulip":2,"minecraft:wheat_seeds":19,"minecraft:raw_gold":5,"minecraft:iron_ingot":9,"weaponmaster:tutorialbook":1,"minecraft:oak_planks":34,"minecraft:smooth_basalt":1,"travelersbackpack:squid":1,"minecraft:dandelion":20,"minecraft:white_bed":1,"minecraft:lily_of_the_valley":6,"minecraft:spider_eye":1,"travelersbackpack:white_sleeping_bag":2,"iceandfire:silver_pickaxe":1,"minecraft:diamond":6,"minecraft:iron_helmet":1,"minecraft:golden_apple":6,"minecraft:oak_sapling":1,"minecraft:coal":250,"iceandfire:raw_silver":14},"minecraft:custom":{"minecraft:mob_kills":322,"minecraft:inspect_hopper":1,"minecraft:interact_with_crafting_table":55,"minecraft:open_barrel":11,"minecraft:interact_with_campfire":4,"minecraft:leave_game":16,"minecraft:time_since_death":39476,"minecraft:climb_one_cm":431,"minecraft:sprint_one_cm":235742,"minecraft:walk_one_cm":257823,"minecraft:drop":26,"minecraft:play_time":152010,"minecraft:deaths":22,"minecraft:sneak_time":8174,"minecraft:walk_under_water_one_cm":2827,"minecraft:jump":2059,"minecraft:walk_on_water_one_cm":3508,"minecraft:total_world_time":152010,"minecraft:interact_with_furnace":36,"minecraft:sleep_in_bed":3,"minecraft:time_since_rest":39506,"minecraft:waystone_activated":1,"minecraft:damage_taken":8600,"minecraft:trigger_trapped_chest":1,"minecraft:damage_dealt":2957,"minecraft:swim_one_cm":8146,"minecraft:fly_one_cm":442558,"minecraft:player_kills":1,"minecraft:open_chest":59,"minecraft:crouch_one_cm":24113,"minecraft:fall_one_cm":116316},"minecraft:dropped":{"minecraft:iron_ingot":3,"minecraft:golden_helmet":1,"minecraft:stick":7,"minecraft:dirt":4,"uniquedungeons:ancient_root_item":11,"uniquedungeons:dark_antique_gravel":4,"minecraft:gold_nugget":10,"biomesoplenty:yellow_autumn_sapling":1,"minecraft:rotten_flesh":2,"minecraft:oak_planks":29,"minecraft:gunpowder":7,"minecraft:oak_sapling":1,"minecraft:arrow":1,"minecraft:bow":3,"minecraft:stone_pickaxe":1,"minecraft:wooden_pickaxe":2,"minecraft:splash_potion":1},"minecraft:mined":{"iceandfire:silver_ore":14,"minecraft:acacia_log":3,"minecraft:allium":1,"minecraft:grass_block":436,"uniquedungeons:iron_spikes":9,"uniquedungeons:ancient_roots":1,"travelersbackpack:white_sleeping_bag":2,"minecraft:sandstone":1,"minecraft:spawner":3,"minecraft:magma_block":1,"minecraft:iron_ore":36,"minecraft:andesite":194,"minecraft:deepslate_lapis_ore":4,"minecraft:azure_bluet":1,"minecraft:gold_block":1,"minecraft:vine":2,"minecraft:deepslate_iron_ore":1,"biomesoplenty:barley":6,"minecraft:stone":118,"minecraft:tripwire":3,"minecraft:deepslate_redstone_ore":13,"uniquedungeons:climbing_hook":1,"minecraft:soul_fire":2,"minecraft:crafting_table":3,"minecraft:torch":1,"minecraft:calcite":3,"minecraft:chest":1,"minecraft:dead_bush":1,"minecraft:campfire":1,"minecraft:tall_grass":6,"minecraft:deepslate_gold_ore":4,"minecraft:oak_planks":7,"minecraft:amethyst_block":1,"biomesoplenty:yellow_autumn_leaves":1,"minecraft:grass":19,"minecraft:oak_log":28,"minecraft:coal_ore":186,"uniquedungeons:pedestal":1,"minecraft:dirt":24,"minecraft:smooth_basalt":1,"uniquedungeons:rooted_ground":1,"minecraft:gold_ore":1,"minecraft:oak_leaves":1,"uniquedungeons:dark_antique_stone_pressure_plate":1,"minecraft:deepslate":18},"minecraft:killed_by":{"minecraft:player":7,"iceandfire:hippogryph":2},"minecraft:used":{"minecraft:stone_sword":38,"minecraft:chest":5,"minecraft:torch":25,"minecraft:dirt":51,"minecraft:mutton":1,"iceandfire:copper_sword":27,"minecraft:wooden_axe":37,"minecraft:beef":4,"minecraft:furnace":4,"minecraft:cooked_beef":7,"minecraft:cooked_mutton":2,"minecraft:stone_pickaxe":53,"weaponmaster:wm_rapierlarge":18,"minecraft:oak_planks":52,"minecraft:wooden_pickaxe":13,"minecraft:crafting_table":5,"minecraft:white_bed":2,"iceandfire:silver_pickaxe":560,"travelersbackpack:white_sleeping_bag":2,"minecraft:cobblestone":5,"minecraft:andesite":12,"iceandfire:silver_shovel":473},"minecraft:crafted":{"minecraft:oak_planks":112,"minecraft:iron_nugget":9,"iceandfire:silver_shovel":1,"minecraft:furnace":4,"minecraft:heavy_weighted_pressure_plate":4,"minecraft:cooked_mutton":21,"jet_and_elias_armors:mercenary_gear_helmet":1,"travelersbackpack:white_sleeping_bag":1,"minecraft:bow":5,"jet_and_elias_armors:mercenary_gear_chestplate":1,"jet_and_elias_armors:white_gold_mercenary_heavy_helmet":1,"jet_and_elias_armors:white_gold_mercenary_heavy_chestplate":1,"jet_and_elias_armors:red_gold_mercenary_heavy_leggings":1,"minecraft:stone_pickaxe":1,"minecraft:chest":4,"minecraft:cooked_beef":7,"iceandfire:silver_ingot":14,"minecraft:crafting_table":3,"minecraft:wooden_pickaxe":1,"minecraft:air":0,"jet_and_elias_armors:red_gold_mercenary_heavy_boots":1,"minecraft:light_weighted_pressure_plate":2,"minecraft:stick":20,"minecraft:iron_ingot":29,"minecraft:wooden_axe":1,"minecraft:stone_sword":1,"minecraft:gold_ingot":18,"jet_and_elias_armors:mercenary_gear_boots":1,"minecraft:white_bed":1,"jet_and_elias_armors:mercenary_gear_leggings":1,"minecraft:acacia_planks":12,"minecraft:torch":20,"iceandfire:silver_pickaxe":2},"minecraft:broken":{"iceandfire:silver_shovel":1}},"DataVersion":3465}