{"stats":{"minecraft:picked_up":{"iceandfire:dragon_skull_lightning":2,"minecraft:charcoal":2,"minecraft:iron_chestplate":2,"minecraft:crafting_table":5,"minecraft:allium":29,"minecraft:azure_bluet":2,"minecraft:chicken":2,"minecraft:splash_potion":2,"iceandfire:witherbone":3,"minecraft:lead":2,"weaponmaster:wm_rapierlarge":1,"minecraft:wooden_pickaxe":1,"minecraft:gold_block":2,"minecraft:potion":2,"uniquedungeons:ancient_root_item":11,"minecraft:golden_sword":1,"minecraft:cornflower":11,"minecraft:string":13,"biomesoplenty:yellow_autumn_sapling":1,"minecraft:armor_stand":2,"minecraft:iron_shovel":1,"minecraft:gold_nugget":1129,"minecraft:cobbled_deepslate":23,"minecraft:spruce_planks":44,"minecraft:beef":49,"iceandfire:armor_silver_metal_leggings":1,"minecraft:white_tulip":15,"minecraft:calcite":4,"minecraft:iron_pickaxe":1,"minecraft:chest":1,"minecraft:phantom_membrane":2,"iceandfire:ice_dragon_heart":1,"minecraft:golden_helmet":1,"minecraft:raw_iron":93,"minecraft:stick":12,"iceandfire:dragonbone":61,"weaponmaster:weaponkit":1,"minecraft:torch":7,"minecraft:acacia_log":3,"minecraft:porkchop":24,"uniquedungeons:ancient_note":2,"minecraft:redstone":122,"minecraft:golden_chestplate":1,"minecraft:arrow":13,"minecraft:rotten_flesh":59,"minecraft:tropical_fish":1,"minecraft:hay_block":12,"minecraft:pink_tulip":10,"minecraft:mutton":53,"minecraft:white_wool":39,"minecraft:cobblestone":165,"biomesoplenty:lavender":4,"minecraft:magma_block":1,"minecraft:feather":4,"minecraft:lilac":2,"minecraft:andesite":334,"minecraft:leather":30,"minecraft:flint":1,"minecraft:smoker":2,"uniquedungeons:dark_antique_gravel":5,"uniquedungeons:climbing_hook_item":1,"minecraft:tuff":2,"iceandfire:hippogryph_talon":2,"minecraft:oak_log":28,"minecraft:golden_boots":3,"minecraft:gunpowder":20,"minecraft:lapis_lazuli":125,"minecraft:dirt":462,"minecraft:spawner":1,"minecraft:cooked_mutton":2,"minecraft:bone":48,"travelersbackpack:cake":1,"minecraft:bow":5,"minecraft:wheat_seeds":46,"minecraft:orange_tulip":2,"minecraft:raw_gold":9,"minecraft:bell":2,"minecraft:iron_ingot":10,"weaponmaster:tutorialbook":1,"jet_and_elias_armors:white_gold_mercenary_heavy_chestplate":1,"minecraft:oak_planks":34,"minecraft:book":60,"minecraft:smooth_basalt":1,"travelersbackpack:squid":1,"iceandfire:ash":2,"iceandfire:dragonscales_sapphire":17,"minecraft:dandelion":21,"minecraft:gravel":3,"iceandfire:dragon_skull_fire":1,"minecraft:stripped_spruce_log":5,"minecraft:blast_furnace":2,"minecraft:white_bed":1,"minecraft:spruce_log":23,"minecraft:lily_of_the_valley":6,"minecraft:spider_eye":3,"minecraft:mossy_cobblestone":2,"travelersbackpack:white_sleeping_bag":5,"iceandfire:silver_pickaxe":1,"minecraft:diamond":6,"waystones:waystone":1,"minecraft:iron_helmet":1,"minecraft:golden_apple":6,"minecraft:oak_sapling":1,"iceandfire:silver_nugget":372,"minecraft:coal":323,"iceandfire:raw_silver":25},"minecraft:used":{"minecraft:stone_sword":38,"minecraft:armor_stand":1,"minecraft:spruce_planks":18,"minecraft:chest":9,"minecraft:torch":31,"minecraft:dirt":202,"minecraft:mutton":1,"iceandfire:copper_sword":27,"minecraft:milk_bucket":1,"minecraft:wooden_axe":37,"minecraft:beef":4,"minecraft:furnace":6,"minecraft:cooked_beef":23,"minecraft:cobbled_deepslate":16,"minecraft:cooked_mutton":10,"minecraft:water_bucket":4,"weaponmaster:wm_rapierlarge":37,"minecraft:oak_planks":52,"minecraft:stone_pickaxe":53,"minecraft:wooden_pickaxe":13,"minecraft:gold_ore":1,"minecraft:golden_apple":4,"minecraft:crafting_table":10,"minecraft:white_bed":3,"iceandfire:silver_axe":59,"iceandfire:silver_pickaxe":712,"minecraft:iron_pickaxe":231,"travelersbackpack:white_sleeping_bag":5,"minecraft:gravel":2,"iceandfire:dragon_skull_fire":1,"minecraft:cobblestone":14,"minecraft:andesite":68,"minecraft:cooked_porkchop":9,"minecraft:bucket":10,"iceandfire:silver_shovel":473},"minecraft:crafted":{"minecraft:oak_planks":112,"minecraft:iron_nugget":9,"iceandfire:armor_sapphire_chestplate":1,"iceandfire:silver_shovel":1,"minecraft:furnace":6,"minecraft:heavy_weighted_pressure_plate":4,"minecraft:cooked_mutton":22,"iceandfire:armor_sapphire_leggings":1,"jet_and_elias_armors:mercenary_gear_helmet":1,"travelersbackpack:white_sleeping_bag":2,"minecraft:bow":7,"jet_and_elias_armors:mercenary_gear_chestplate":1,"jet_and_elias_armors:white_gold_mercenary_heavy_helmet":1,"minecraft:iron_axe":1,"jet_and_elias_armors:white_gold_mercenary_heavy_chestplate":1,"jet_and_elias_armors:red_gold_mercenary_heavy_leggings":1,"minecraft:stone_pickaxe":1,"minecraft:chest":8,"minecraft:wheat":108,"iceandfire:silver_axe":1,"minecraft:cooked_beef":30,"minecraft:emerald":292,"iceandfire:silver_ingot":59,"minecraft:cooked_porkchop":14,"minecraft:crafting_table":6,"minecraft:spruce_planks":84,"minecraft:wooden_pickaxe":1,"minecraft:air":0,"jet_and_elias_armors:red_gold_mercenary_heavy_boots":1,"iceandfire:bestiary":1,"minecraft:diamond_pickaxe":1,"minecraft:light_weighted_pressure_plate":2,"minecraft:stick":32,"minecraft:iron_ingot":58,"minecraft:iron_pickaxe":1,"minecraft:wooden_axe":1,"minecraft:iron_block":3,"minecraft:stone_sword":1,"minecraft:gold_ingot":156,"minecraft:anvil":1,"jet_and_elias_armors:mercenary_gear_boots":1,"minecraft:white_bed":2,"jet_and_elias_armors:mercenary_gear_leggings":1,"minecraft:acacia_planks":12,"minecraft:torch":28,"iceandfire:silver_pickaxe":3},"minecraft:custom":{"minecraft:mob_kills":553,"minecraft:inspect_hopper":1,"minecraft:interact_with_crafting_table":90,"minecraft:open_barrel":31,"minecraft:interact_with_campfire":4,"minecraft:eat_cake_slice":3,"minecraft:leave_game":20,"minecraft:time_since_death":1898,"minecraft:climb_one_cm":10859,"minecraft:sprint_one_cm":538367,"minecraft:walk_one_cm":632182,"minecraft:drop":62,"minecraft:talked_to_villager":19,"minecraft:play_time":342116,"minecraft:sneak_time":14935,"minecraft:deaths":34,"minecraft:walk_under_water_one_cm":33632,"minecraft:jump":4933,"minecraft:interact_with_blast_furnace":1,"minecraft:walk_on_water_one_cm":26391,"minecraft:total_world_time":342116,"minecraft:interact_with_furnace":64,"minecraft:traded_with_villager":4,"minecraft:tune_noteblock":1,"minecraft:sleep_in_bed":12,"minecraft:time_since_rest":1921,"minecraft:waystone_activated":1,"minecraft:damage_taken":18429,"minecraft:damage_absorbed":159,"minecraft:trigger_trapped_chest":4,"minecraft:damage_dealt":2997,"minecraft:crouch_one_cm":42075,"minecraft:player_kills":1,"minecraft:swim_one_cm":44244,"minecraft:fly_one_cm":1121629,"minecraft:open_chest":209,"minecraft:fall_one_cm":258413},"minecraft:broken":{"jet_and_elias_armors:white_gold_mercenary_heavy_helmet":1,"minecraft:iron_pickaxe":1,"iceandfire:silver_shovel":1},"minecraft:mined":{"minecraft:deepslate_tiles":1,"minecraft:tuff":3,"iceandfire:graveyard_soil":1,"iceandfire:silver_ore":25,"minecraft:mossy_cobblestone":2,"minecraft:allium":1,"biomesoplenty:bush":2,"minecraft:acacia_log":3,"uniquedungeons:iron_spikes":9,"minecraft:grass_block":439,"uniquedungeons:ancient_roots":1,"minecraft:soul_campfire":2,"travelersbackpack:white_sleeping_bag":5,"minecraft:sandstone":1,"minecraft:spawner":8,"minecraft:large_fern":7,"minecraft:hay_block":15,"minecraft:magma_block":1,"minecraft:iron_ore":84,"minecraft:fire":6,"biomesoplenty:lavender":2,"iceandfire:chared_gravel":1,"minecraft:andesite":208,"minecraft:stripped_spruce_log":5,"minecraft:deepslate_lapis_ore":21,"minecraft:azure_bluet":1,"minecraft:gold_block":2,"minecraft:bookshelf":20,"iceandfire:gold_pile":97,"minecraft:deepslate_iron_ore":9,"minecraft:vine":3,"biomesoplenty:barley":6,"minecraft:stone":172,"minecraft:tripwire":3,"minecraft:deepslate_redstone_ore":13,"uniquedungeons:climbing_hook":1,"minecraft:smoker":2,"minecraft:soul_fire":2,"minecraft:crafting_table":6,"minecraft:torch":1,"minecraft:blast_furnace":2,"minecraft:calcite":3,"minecraft:chest":1,"minecraft:rose_bush":1,"minecraft:dead_bush":1,"minecraft:campfire":2,"iceandfire:frozen_dirt":1,"minecraft:tall_grass":21,"minecraft:cobblestone":2,"minecraft:deepslate_gold_ore":7,"minecraft:oak_planks":7,"minecraft:amethyst_block":1,"biomesoplenty:yellow_autumn_leaves":1,"minecraft:spruce_log":23,"iceandfire:ash":3,"minecraft:grass":133,"iceandfire:silver_pile":30,"minecraft:coal_ore":256,"minecraft:oak_log":28,"uniquedungeons:pedestal":1,"minecraft:gravel":4,"minecraft:dirt":24,"minecraft:smooth_basalt":1,"minecraft:polished_andesite":1,"uniquedungeons:rooted_ground":1,"minecraft:yellow_stained_glass":2,"minecraft:gold_ore":2,"minecraft:deepslate":23,"minecraft:oak_leaves":2,"uniquedungeons:dark_antique_stone_pressure_plate":1,"minecraft:fern":17},"minecraft:dropped":{"minecraft:iron_ingot":3,"iceandfire:dragonscales_sapphire":1,"minecraft:wheat_seeds":16,"minecraft:golden_helmet":1,"minecraft:crafting_table":1,"biomesoplenty:lavender":4,"minecraft:leather":3,"minecraft:tropical_fish":1,"minecraft:coal":1,"minecraft:stick":11,"minecraft:dirt":4,"uniquedungeons:ancient_root_item":11,"uniquedungeons:dark_antique_gravel":4,"iceandfire:armor_silver_metal_leggings":1,"minecraft:map":3,"minecraft:gold_nugget":33,"minecraft:iron_pickaxe":1,"minecraft:string":9,"minecraft:white_wool":2,"minecraft:iron_nugget":7,"minecraft:cobbled_deepslate":7,"biomesoplenty:yellow_autumn_sapling":1,"minecraft:chicken":1,"jet_and_elias_armors:white_gold_mercenary_heavy_chestplate":1,"minecraft:rotten_flesh":10,"minecraft:oak_planks":29,"minecraft:cooked_mutton":13,"minecraft:gunpowder":10,"minecraft:spruce_planks":44,"minecraft:andesite":9,"minecraft:oak_sapling":1,"minecraft:spider_eye":1,"minecraft:bell":2,"minecraft:arrow":5,"minecraft:bow":4,"minecraft:stone_pickaxe":1,"minecraft:wooden_pickaxe":2,"minecraft:splash_potion":1},"minecraft:killed":{"iceandfire:hippogryph":1,"minecraft:cave_spider":1,"minecraft:spider":8,"minecraft:phantom":4,"minecraft:skeleton":131,"iceandfire:fire_dragon":1,"minecraft:chicken":1,"minecraft:tropical_fish":2,"minecraft:husk":8,"minecraft:pig":6,"minecraft:zombie_villager":4,"minecraft:wandering_trader":1,"minecraft:hoglin":3,"minecraft:creeper":164,"minecraft:sheep":31,"minecraft:trader_llama":2,"minecraft:zombie":149,"iceandfire:ghost":4,"iceandfire:ice_dragon":1,"minecraft:wither_skeleton":7,"minecraft:cow":20},"minecraft:killed_by":{"minecraft:player":7,"minecraft:wither_skeleton":1,"iceandfire:hippogryph":2,"iceandfire:ice_dragon":2}},"DataVersion":3465}