{"stats":{"minecraft:killed":{"minecraft:cave_spider":1,"iceandfire:hippogryph":1,"minecraft:spider":1,"minecraft:skeleton":87,"minecraft:chicken":1,"minecraft:husk":1,"minecraft:pig":6,"minecraft:zombie_villager":3,"minecraft:creeper":92,"minecraft:sheep":16,"minecraft:zombie":78,"iceandfire:ghost":1,"minecraft:cow":15},"minecraft:picked_up":{"minecraft:charcoal":2,"minecraft:iron_chestplate":2,"minecraft:crafting_table":2,"minecraft:allium":1,"minecraft:chicken":1,"minecraft:wooden_pickaxe":1,"weaponmaster:wm_rapierlarge":1,"minecraft:potion":1,"minecraft:gold_block":1,"uniquedungeons:ancient_root_item":11,"minecraft:golden_sword":1,"minecraft:string":8,"biomesoplenty:yellow_autumn_sapling":1,"minecraft:armor_stand":1,"minecraft:cobbled_deepslate":16,"minecraft:beef":38,"minecraft:calcite":2,"minecraft:golden_helmet":1,"minecraft:stick":10,"minecraft:raw_iron":33,"weaponmaster:weaponkit":1,"minecraft:torch":6,"minecraft:porkchop":14,"minecraft:redstone":58,"minecraft:rotten_flesh":7,"minecraft:mutton":22,"minecraft:white_wool":24,"minecraft:cobblestone":100,"minecraft:magma_block":1,"minecraft:feather":3,"minecraft:lilac":1,"minecraft:andesite":194,"minecraft:leather":21,"uniquedungeons:dark_antique_gravel":5,"uniquedungeons:climbing_hook_item":1,"iceandfire:hippogryph_talon":1,"minecraft:oak_log":28,"minecraft:golden_boots":1,"minecraft:gunpowder":4,"minecraft:lapis_lazuli":29,"minecraft:bone":8,"travelersbackpack:cake":1,"minecraft:bow":1,"minecraft:raw_gold":5,"minecraft:iron_ingot":9,"minecraft:oak_planks":34,"minecraft:smooth_basalt":1,"travelersbackpack:squid":1,"travelersbackpack:white_sleeping_bag":2,"minecraft:oak_sapling":1,"minecraft:coal":164,"iceandfire:raw_silver":14},"minecraft:custom":{"minecraft:mob_kills":306,"minecraft:inspect_hopper":1,"minecraft:interact_with_crafting_table":46,"minecraft:open_barrel":11,"minecraft:interact_with_campfire":4,"minecraft:leave_game":16,"minecraft:time_since_death":3476,"minecraft:climb_one_cm":431,"minecraft:sprint_one_cm":192060,"minecraft:walk_one_cm":197838,"minecraft:drop":22,"minecraft:play_time":116010,"minecraft:deaths":22,"minecraft:sneak_time":7893,"minecraft:walk_under_water_one_cm":2827,"minecraft:jump":1903,"minecraft:walk_on_water_one_cm":3508,"minecraft:total_world_time":116010,"minecraft:interact_with_furnace":25,"minecraft:sleep_in_bed":3,"minecraft:time_since_rest":3506,"minecraft:waystone_activated":1,"minecraft:damage_taken":8497,"minecraft:trigger_trapped_chest":1,"minecraft:damage_dealt":2957,"minecraft:swim_one_cm":8146,"minecraft:fly_one_cm":413033,"minecraft:player_kills":1,"minecraft:open_chest":42,"minecraft:crouch_one_cm":22931,"minecraft:fall_one_cm":114226},"minecraft:dropped":{"minecraft:iron_ingot":3,"minecraft:golden_helmet":1,"minecraft:stick":7,"uniquedungeons:ancient_root_item":11,"uniquedungeons:dark_antique_gravel":4,"minecraft:gold_nugget":10,"biomesoplenty:yellow_autumn_sapling":1,"minecraft:oak_planks":29,"minecraft:gunpowder":7,"minecraft:oak_sapling":1,"minecraft:arrow":1,"minecraft:bow":3,"minecraft:stone_pickaxe":1,"minecraft:wooden_pickaxe":2,"minecraft:splash_potion":1},"minecraft:mined":{"iceandfire:silver_ore":14,"minecraft:allium":1,"uniquedungeons:iron_spikes":9,"uniquedungeons:ancient_roots":1,"travelersbackpack:white_sleeping_bag":2,"minecraft:sandstone":1,"minecraft:spawner":3,"minecraft:magma_block":1,"minecraft:iron_ore":32,"minecraft:andesite":194,"minecraft:deepslate_lapis_ore":4,"minecraft:gold_block":1,"minecraft:vine":2,"minecraft:deepslate_iron_ore":1,"biomesoplenty:barley":6,"minecraft:stone":107,"minecraft:tripwire":3,"minecraft:deepslate_redstone_ore":13,"uniquedungeons:climbing_hook":1,"minecraft:soul_fire":2,"minecraft:crafting_table":3,"minecraft:torch":1,"minecraft:calcite":3,"minecraft:dead_bush":1,"minecraft:campfire":1,"minecraft:tall_grass":1,"minecraft:deepslate_gold_ore":4,"minecraft:oak_planks":7,"minecraft:amethyst_block":1,"biomesoplenty:yellow_autumn_leaves":1,"minecraft:grass":6,"minecraft:oak_log":28,"minecraft:coal_ore":164,"uniquedungeons:pedestal":1,"minecraft:smooth_basalt":1,"uniquedungeons:rooted_ground":1,"minecraft:gold_ore":1,"minecraft:oak_leaves":1,"uniquedungeons:dark_antique_stone_pressure_plate":1,"minecraft:deepslate":18},"minecraft:killed_by":{"minecraft:player":7,"iceandfire:hippogryph":2},"minecraft:used":{"minecraft:stone_sword":38,"minecraft:chest":2,"minecraft:torch":21,"minecraft:mutton":1,"iceandfire:copper_sword":27,"minecraft:wooden_axe":37,"minecraft:beef":4,"minecraft:furnace":2,"minecraft:cooked_beef":7,"minecraft:stone_pickaxe":53,"weaponmaster:wm_rapierlarge":12,"minecraft:oak_planks":52,"minecraft:wooden_pickaxe":13,"minecraft:crafting_table":4,"minecraft:white_bed":1,"iceandfire:silver_pickaxe":523,"travelersbackpack:white_sleeping_bag":2,"minecraft:cobblestone":2,"minecraft:andesite":12},"minecraft:crafted":{"minecraft:oak_planks":112,"minecraft:furnace":2,"minecraft:heavy_weighted_pressure_plate":4,"jet_and_elias_armors:mercenary_gear_helmet":1,"travelersbackpack:white_sleeping_bag":1,"minecraft:bow":5,"jet_and_elias_armors:mercenary_gear_chestplate":1,"jet_and_elias_armors:white_gold_mercenary_heavy_helmet":1,"jet_and_elias_armors:white_gold_mercenary_heavy_chestplate":1,"jet_and_elias_armors:red_gold_mercenary_heavy_leggings":1,"minecraft:stone_pickaxe":1,"minecraft:chest":2,"minecraft:cooked_beef":7,"iceandfire:silver_ingot":3,"minecraft:crafting_table":3,"minecraft:wooden_pickaxe":1,"minecraft:air":0,"minecraft:light_weighted_pressure_plate":2,"minecraft:stick":16,"minecraft:iron_ingot":29,"minecraft:wooden_axe":1,"minecraft:stone_sword":1,"minecraft:gold_ingot":18,"minecraft:white_bed":1,"jet_and_elias_armors:mercenary_gear_leggings":1,"minecraft:torch":20,"iceandfire:silver_pickaxe":2}},"DataVersion":3465}