{"stats":{"minecraft:killed":{"iceandfire:hippogryph":1,"minecraft:husk":1,"minecraft:cave_spider":1,"minecraft:zombie_villager":1,"minecraft:creeper":61,"minecraft:skeleton":54,"minecraft:zombie":57,"iceandfire:ghost":1,"minecraft:cow":4},"minecraft:picked_up":{"minecraft:charcoal":2,"minecraft:crafting_table":1,"minecraft:iron_chestplate":2,"minecraft:feather":3,"weaponmaster:wm_rapierlarge":1,"minecraft:leather":8,"minecraft:wooden_pickaxe":1,"uniquedungeons:dark_antique_gravel":5,"minecraft:potion":1,"uniquedungeons:climbing_hook_item":1,"iceandfire:hippogryph_talon":1,"minecraft:oak_log":28,"minecraft:golden_boots":1,"uniquedungeons:ancient_root_item":11,"minecraft:golden_sword":1,"minecraft:gunpowder":2,"minecraft:string":6,"minecraft:armor_stand":1,"minecraft:bone":5,"minecraft:bow":1,"minecraft:beef":15,"minecraft:iron_ingot":9,"minecraft:oak_planks":5,"minecraft:golden_helmet":1,"minecraft:raw_iron":4,"travelersbackpack:squid":1,"weaponmaster:weaponkit":1,"minecraft:coal":21,"minecraft:cobblestone":21},"minecraft:custom":{"minecraft:interact_with_furnace":4,"minecraft:mob_kills":182,"minecraft:inspect_hopper":1,"minecraft:interact_with_crafting_table":16,"minecraft:open_barrel":11,"minecraft:interact_with_campfire":4,"minecraft:leave_game":16,"minecraft:time_since_death":3130,"minecraft:climb_one_cm":431,"minecraft:time_since_rest":3155,"minecraft:waystone_activated":1,"minecraft:sprint_one_cm":93499,"minecraft:damage_taken":6702,"minecraft:walk_one_cm":92261,"minecraft:trigger_trapped_chest":1,"minecraft:drop":16,"minecraft:damage_dealt":2927,"minecraft:fly_one_cm":174891,"minecraft:open_chest":12,"minecraft:crouch_one_cm":8940,"minecraft:play_time":56010,"minecraft:deaths":17,"minecraft:sneak_time":2963,"minecraft:walk_under_water_one_cm":461,"minecraft:jump":848,"minecraft:walk_on_water_one_cm":1597,"minecraft:total_world_time":56010,"minecraft:fall_one_cm":72193},"minecraft:dropped":{"minecraft:iron_ingot":3,"minecraft:golden_helmet":1,"uniquedungeons:ancient_root_item":11,"uniquedungeons:dark_antique_gravel":4,"minecraft:gold_nugget":10,"minecraft:arrow":1,"minecraft:bow":3,"minecraft:stone_pickaxe":1,"minecraft:wooden_pickaxe":2,"minecraft:splash_potion":1},"minecraft:mined":{"uniquedungeons:climbing_hook":1,"minecraft:crafting_table":2,"uniquedungeons:iron_spikes":9,"uniquedungeons:ancient_roots":1,"minecraft:campfire":1,"minecraft:oak_planks":5,"minecraft:sandstone":1,"minecraft:spawner":2,"minecraft:iron_ore":4,"minecraft:coal_ore":21,"minecraft:oak_log":28,"uniquedungeons:pedestal":1,"minecraft:vine":2,"minecraft:stone":22,"uniquedungeons:rooted_ground":1,"minecraft:oak_leaves":1,"uniquedungeons:dark_antique_stone_pressure_plate":1,"minecraft:tripwire":3},"minecraft:killed_by":{"minecraft:player":4,"iceandfire:hippogryph":2},"minecraft:used":{"minecraft:stone_sword":38,"minecraft:stone_pickaxe":53,"minecraft:oak_planks":22,"minecraft:wooden_pickaxe":13,"minecraft:crafting_table":2,"iceandfire:copper_sword":27,"minecraft:wooden_axe":37,"minecraft:beef":4},"minecraft:crafted":{"minecraft:cooked_beef":7,"minecraft:oak_planks":112,"minecraft:crafting_table":1,"minecraft:wooden_pickaxe":1,"minecraft:air":0,"minecraft:bow":5,"minecraft:stick":12,"minecraft:stone_pickaxe":1,"minecraft:wooden_axe":1,"minecraft:stone_sword":1}},"DataVersion":3465}