{"stats":{"minecraft:picked_up":{"minecraft:charcoal":2,"minecraft:crafting_table":2,"minecraft:iron_chestplate":2,"minecraft:allium":29,"minecraft:azure_bluet":2,"iceandfire:witherbone":3,"minecraft:splash_potion":2,"minecraft:chicken":1,"weaponmaster:wm_rapierlarge":1,"minecraft:wooden_pickaxe":1,"minecraft:gold_block":1,"minecraft:potion":2,"uniquedungeons:ancient_root_item":11,"minecraft:golden_sword":1,"minecraft:cornflower":11,"minecraft:string":8,"biomesoplenty:yellow_autumn_sapling":1,"minecraft:armor_stand":2,"minecraft:iron_shovel":1,"minecraft:cobbled_deepslate":23,"minecraft:beef":38,"minecraft:white_tulip":15,"minecraft:calcite":4,"minecraft:iron_pickaxe":1,"minecraft:chest":1,"minecraft:phantom_membrane":2,"minecraft:golden_helmet":1,"minecraft:stick":12,"minecraft:raw_iron":52,"weaponmaster:weaponkit":1,"minecraft:torch":7,"minecraft:acacia_log":3,"minecraft:porkchop":24,"uniquedungeons:ancient_note":2,"minecraft:redstone":122,"minecraft:golden_chestplate":1,"minecraft:arrow":10,"minecraft:rotten_flesh":45,"minecraft:tropical_fish":1,"minecraft:pink_tulip":10,"minecraft:mutton":31,"minecraft:white_wool":25,"minecraft:cobblestone":128,"minecraft:magma_block":1,"minecraft:feather":3,"minecraft:lilac":2,"minecraft:andesite":325,"minecraft:leather":22,"uniquedungeons:dark_antique_gravel":5,"uniquedungeons:climbing_hook_item":1,"minecraft:tuff":2,"iceandfire:hippogryph_talon":2,"minecraft:oak_log":28,"minecraft:golden_boots":3,"minecraft:gunpowder":11,"minecraft:lapis_lazuli":125,"minecraft:dirt":460,"minecraft:spawner":1,"minecraft:bone":39,"travelersbackpack:cake":1,"minecraft:bow":5,"minecraft:wheat_seeds":20,"minecraft:orange_tulip":2,"minecraft:raw_gold":8,"minecraft:iron_ingot":10,"weaponmaster:tutorialbook":1,"minecraft:oak_planks":34,"minecraft:smooth_basalt":1,"travelersbackpack:squid":1,"minecraft:dandelion":21,"minecraft:stripped_spruce_log":5,"minecraft:white_bed":1,"minecraft:lily_of_the_valley":6,"minecraft:spider_eye":1,"travelersbackpack:white_sleeping_bag":2,"iceandfire:silver_pickaxe":1,"minecraft:diamond":6,"minecraft:iron_helmet":1,"minecraft:golden_apple":6,"minecraft:oak_sapling":1,"iceandfire:silver_nugget":254,"minecraft:coal":254,"iceandfire:raw_silver":16},"minecraft:used":{"minecraft:stone_sword":38,"minecraft:armor_stand":1,"minecraft:chest":5,"minecraft:torch":25,"minecraft:dirt":201,"minecraft:mutton":1,"iceandfire:copper_sword":27,"minecraft:wooden_axe":37,"minecraft:beef":4,"minecraft:furnace":4,"minecraft:cooked_beef":9,"minecraft:cobbled_deepslate":16,"minecraft:cooked_mutton":8,"weaponmaster:wm_rapierlarge":20,"minecraft:oak_planks":52,"minecraft:stone_pickaxe":53,"minecraft:wooden_pickaxe":13,"minecraft:golden_apple":4,"minecraft:crafting_table":6,"minecraft:white_bed":2,"iceandfire:silver_pickaxe":598,"minecraft:iron_pickaxe":53,"travelersbackpack:white_sleeping_bag":2,"minecraft:cobblestone":10,"minecraft:cooked_porkchop":8,"minecraft:andesite":68,"iceandfire:silver_shovel":473},"minecraft:custom":{"minecraft:mob_kills":494,"minecraft:inspect_hopper":1,"minecraft:interact_with_crafting_table":65,"minecraft:open_barrel":23,"minecraft:interact_with_campfire":4,"minecraft:leave_game":19,"minecraft:time_since_death":17052,"minecraft:climb_one_cm":431,"minecraft:sprint_one_cm":324352,"minecraft:walk_one_cm":376816,"minecraft:drop":32,"minecraft:play_time":235210,"minecraft:sneak_time":12613,"minecraft:deaths":31,"minecraft:walk_under_water_one_cm":19682,"minecraft:jump":3090,"minecraft:walk_on_water_one_cm":6767,"minecraft:total_world_time":235210,"minecraft:interact_with_furnace":56,"minecraft:sleep_in_bed":6,"minecraft:time_since_rest":6054,"minecraft:waystone_activated":1,"minecraft:damage_taken":16570,"minecraft:damage_absorbed":159,"minecraft:trigger_trapped_chest":1,"minecraft:damage_dealt":2997,"minecraft:swim_one_cm":10514,"minecraft:fly_one_cm":750608,"minecraft:player_kills":1,"minecraft:open_chest":95,"minecraft:crouch_one_cm":35220,"minecraft:fall_one_cm":202906},"minecraft:crafted":{"minecraft:oak_planks":112,"minecraft:iron_nugget":9,"iceandfire:silver_shovel":1,"minecraft:furnace":4,"minecraft:heavy_weighted_pressure_plate":4,"minecraft:cooked_mutton":22,"jet_and_elias_armors:mercenary_gear_helmet":1,"travelersbackpack:white_sleeping_bag":1,"minecraft:bow":7,"jet_and_elias_armors:mercenary_gear_chestplate":1,"jet_and_elias_armors:white_gold_mercenary_heavy_helmet":1,"minecraft:iron_axe":1,"jet_and_elias_armors:white_gold_mercenary_heavy_chestplate":1,"jet_and_elias_armors:red_gold_mercenary_heavy_leggings":1,"minecraft:stone_pickaxe":1,"minecraft:chest":4,"minecraft:cooked_beef":30,"iceandfire:silver_ingot":44,"minecraft:cooked_porkchop":14,"minecraft:crafting_table":4,"minecraft:spruce_planks":20,"minecraft:wooden_pickaxe":1,"minecraft:air":0,"jet_and_elias_armors:red_gold_mercenary_heavy_boots":1,"minecraft:diamond_pickaxe":1,"minecraft:light_weighted_pressure_plate":2,"minecraft:stick":20,"minecraft:iron_ingot":58,"minecraft:wooden_axe":1,"minecraft:stone_sword":1,"minecraft:gold_ingot":21,"jet_and_elias_armors:mercenary_gear_boots":1,"minecraft:white_bed":1,"jet_and_elias_armors:mercenary_gear_leggings":1,"minecraft:acacia_planks":12,"minecraft:torch":20,"iceandfire:silver_pickaxe":2},"minecraft:broken":{"iceandfire:silver_shovel":1},"minecraft:mined":{"minecraft:tuff":3,"iceandfire:silver_ore":16,"minecraft:allium":1,"minecraft:acacia_log":3,"minecraft:grass_block":436,"uniquedungeons:iron_spikes":9,"uniquedungeons:ancient_roots":1,"travelersbackpack:white_sleeping_bag":2,"minecraft:sandstone":1,"minecraft:spawner":8,"minecraft:large_fern":1,"minecraft:magma_block":1,"minecraft:iron_ore":43,"minecraft:andesite":199,"minecraft:stripped_spruce_log":5,"minecraft:deepslate_lapis_ore":21,"minecraft:azure_bluet":1,"minecraft:gold_block":1,"minecraft:deepslate_iron_ore":9,"minecraft:vine":2,"biomesoplenty:barley":6,"minecraft:stone":135,"minecraft:tripwire":3,"minecraft:deepslate_redstone_ore":13,"uniquedungeons:climbing_hook":1,"minecraft:soul_fire":2,"minecraft:crafting_table":3,"minecraft:torch":1,"minecraft:calcite":3,"minecraft:chest":1,"minecraft:dead_bush":1,"minecraft:campfire":1,"minecraft:tall_grass":7,"minecraft:deepslate_gold_ore":7,"minecraft:oak_planks":7,"minecraft:amethyst_block":1,"biomesoplenty:yellow_autumn_leaves":1,"minecraft:grass":20,"minecraft:oak_log":28,"minecraft:coal_ore":187,"iceandfire:silver_pile":17,"uniquedungeons:pedestal":1,"minecraft:dirt":24,"minecraft:smooth_basalt":1,"uniquedungeons:rooted_ground":1,"minecraft:gold_ore":1,"uniquedungeons:dark_antique_stone_pressure_plate":1,"minecraft:oak_leaves":2,"minecraft:deepslate":23},"minecraft:dropped":{"minecraft:iron_ingot":3,"minecraft:golden_helmet":1,"minecraft:tropical_fish":1,"minecraft:coal":1,"minecraft:stick":7,"minecraft:dirt":4,"uniquedungeons:ancient_root_item":11,"uniquedungeons:dark_antique_gravel":4,"minecraft:gold_nugget":10,"minecraft:iron_pickaxe":1,"minecraft:cobbled_deepslate":7,"biomesoplenty:yellow_autumn_sapling":1,"minecraft:rotten_flesh":2,"minecraft:oak_planks":29,"minecraft:cooked_mutton":13,"minecraft:gunpowder":7,"minecraft:oak_sapling":1,"minecraft:arrow":2,"minecraft:bow":3,"minecraft:wooden_pickaxe":2,"minecraft:stone_pickaxe":1,"minecraft:splash_potion":1},"minecraft:killed":{"iceandfire:hippogryph":1,"minecraft:cave_spider":1,"minecraft:spider":3,"minecraft:phantom":4,"minecraft:skeleton":124,"minecraft:chicken":1,"minecraft:tropical_fish":2,"minecraft:husk":8,"minecraft:pig":6,"minecraft:zombie_villager":4,"minecraft:hoglin":3,"minecraft:creeper":156,"minecraft:sheep":17,"minecraft:zombie":137,"iceandfire:ghost":1,"minecraft:wither_skeleton":7,"minecraft:cow":15},"minecraft:killed_by":{"minecraft:player":7,"minecraft:wither_skeleton":1,"iceandfire:hippogryph":2,"iceandfire:ice_dragon":1}},"DataVersion":3465}