{"stats":{"minecraft:picked_up":{"minecraft:crafting_table":1,"minecraft:oak_log":23},"minecraft:custom":{"minecraft:time_since_rest":4001,"minecraft:crouch_one_cm":757,"minecraft:deaths":1,"minecraft:sprint_one_cm":13221,"minecraft:play_time":13747,"minecraft:damage_taken":255,"minecraft:walk_one_cm":6185,"minecraft:sneak_time":581,"minecraft:jump":148,"minecraft:damage_dealt":342,"minecraft:leave_game":15,"minecraft:time_since_death":3974,"minecraft:total_world_time":13747,"minecraft:interact_with_crafting_table":3,"minecraft:fall_one_cm":5273,"minecraft:fly_one_cm":24161},"minecraft:mined":{"minecraft:oak_log":23,"minecraft:crafting_table":1},"minecraft:killed_by":{"iceandfire:hippogryph":1},"minecraft:crafted":{"minecraft:oak_planks":92,"minecraft:crafting_table":1,"minecraft:stick":4,"minecraft:wooden_axe":1},"minecraft:used":{"minecraft:wooden_axe":24,"minecraft:crafting_table":1,"minecraft:oak_planks":11}},"DataVersion":3465}