{"stats":{"minecraft:killed":{"iceandfire:hippogryph":1,"minecraft:husk":1,"minecraft:cave_spider":1,"minecraft:pig":2,"minecraft:zombie_villager":3,"minecraft:spider":1,"minecraft:creeper":92,"minecraft:sheep":6,"minecraft:skeleton":87,"minecraft:zombie":78,"iceandfire:ghost":1,"minecraft:cow":4},"minecraft:picked_up":{"minecraft:magma_block":1,"minecraft:charcoal":2,"minecraft:crafting_table":1,"minecraft:iron_chestplate":2,"minecraft:feather":3,"minecraft:andesite":194,"weaponmaster:wm_rapierlarge":1,"minecraft:leather":8,"minecraft:wooden_pickaxe":1,"minecraft:gold_block":1,"uniquedungeons:dark_antique_gravel":5,"minecraft:potion":1,"uniquedungeons:climbing_hook_item":1,"iceandfire:hippogryph_talon":1,"minecraft:oak_log":28,"minecraft:golden_boots":1,"uniquedungeons:ancient_root_item":11,"minecraft:golden_sword":1,"minecraft:gunpowder":4,"minecraft:lapis_lazuli":29,"minecraft:string":8,"biomesoplenty:yellow_autumn_sapling":1,"minecraft:armor_stand":1,"minecraft:bone":8,"travelersbackpack:cake":1,"minecraft:bow":1,"minecraft:cobbled_deepslate":16,"minecraft:raw_gold":5,"minecraft:beef":15,"minecraft:iron_ingot":9,"minecraft:oak_planks":34,"minecraft:golden_helmet":1,"minecraft:stick":8,"minecraft:raw_iron":33,"travelersbackpack:squid":1,"weaponmaster:weaponkit":1,"minecraft:torch":6,"minecraft:porkchop":3,"minecraft:redstone":58,"travelersbackpack:white_sleeping_bag":1,"minecraft:rotten_flesh":7,"minecraft:mutton":9,"minecraft:oak_sapling":1,"minecraft:coal":164,"iceandfire:raw_silver":3,"minecraft:white_wool":6,"minecraft:cobblestone":81},"minecraft:custom":{"minecraft:interact_with_furnace":20,"minecraft:mob_kills":280,"minecraft:inspect_hopper":1,"minecraft:interact_with_crafting_table":37,"minecraft:open_barrel":11,"minecraft:interact_with_campfire":4,"minecraft:leave_game":16,"minecraft:time_since_death":6235,"minecraft:sleep_in_bed":2,"minecraft:climb_one_cm":431,"minecraft:time_since_rest":6261,"minecraft:waystone_activated":1,"minecraft:sprint_one_cm":167756,"minecraft:damage_taken":8020,"minecraft:walk_one_cm":172848,"minecraft:trigger_trapped_chest":1,"minecraft:drop":20,"minecraft:damage_dealt":2957,"minecraft:swim_one_cm":324,"minecraft:fly_one_cm":355924,"minecraft:player_kills":1,"minecraft:open_chest":34,"minecraft:crouch_one_cm":22809,"minecraft:play_time":104010,"minecraft:deaths":20,"minecraft:sneak_time":7780,"minecraft:walk_under_water_one_cm":1166,"minecraft:jump":1599,"minecraft:walk_on_water_one_cm":2673,"minecraft:total_world_time":104010,"minecraft:fall_one_cm":101043},"minecraft:dropped":{"minecraft:iron_ingot":3,"minecraft:golden_helmet":1,"biomesoplenty:yellow_autumn_sapling":1,"minecraft:oak_planks":29,"minecraft:stick":5,"uniquedungeons:ancient_root_item":11,"uniquedungeons:dark_antique_gravel":4,"minecraft:oak_sapling":1,"minecraft:gold_nugget":10,"minecraft:arrow":1,"minecraft:bow":3,"minecraft:stone_pickaxe":1,"minecraft:wooden_pickaxe":2,"minecraft:splash_potion":1},"minecraft:mined":{"minecraft:deepslate_redstone_ore":13,"uniquedungeons:climbing_hook":1,"iceandfire:silver_ore":3,"minecraft:soul_fire":2,"minecraft:crafting_table":2,"minecraft:torch":1,"uniquedungeons:iron_spikes":9,"uniquedungeons:ancient_roots":1,"minecraft:dead_bush":1,"minecraft:campfire":1,"travelersbackpack:white_sleeping_bag":1,"minecraft:tall_grass":1,"minecraft:deepslate_gold_ore":4,"minecraft:oak_planks":7,"minecraft:sandstone":1,"minecraft:spawner":3,"minecraft:magma_block":1,"biomesoplenty:yellow_autumn_leaves":1,"minecraft:iron_ore":32,"minecraft:andesite":194,"minecraft:deepslate_lapis_ore":4,"minecraft:gold_block":1,"minecraft:grass":6,"minecraft:deepslate_iron_ore":1,"minecraft:coal_ore":164,"minecraft:oak_log":28,"uniquedungeons:pedestal":1,"minecraft:vine":2,"minecraft:deepslate":18,"minecraft:gold_ore":1,"minecraft:stone":86,"uniquedungeons:rooted_ground":1,"minecraft:oak_leaves":1,"uniquedungeons:dark_antique_stone_pressure_plate":1,"minecraft:tripwire":3},"minecraft:killed_by":{"minecraft:player":6,"iceandfire:hippogryph":2},"minecraft:used":{"minecraft:stone_sword":38,"weaponmaster:wm_rapierlarge":7,"minecraft:stone_pickaxe":53,"minecraft:oak_planks":52,"minecraft:chest":2,"minecraft:wooden_pickaxe":13,"minecraft:torch":21,"minecraft:mutton":1,"minecraft:crafting_table":3,"iceandfire:copper_sword":27,"minecraft:white_bed":1,"iceandfire:silver_pickaxe":483,"minecraft:wooden_axe":37,"travelersbackpack:white_sleeping_bag":1,"minecraft:cobblestone":2,"minecraft:beef":4,"minecraft:furnace":2,"minecraft:andesite":12,"minecraft:cooked_beef":7},"minecraft:crafted":{"minecraft:cooked_beef":7,"minecraft:oak_planks":112,"iceandfire:silver_ingot":3,"minecraft:crafting_table":2,"minecraft:wooden_pickaxe":1,"minecraft:furnace":2,"minecraft:heavy_weighted_pressure_plate":1,"minecraft:air":0,"travelersbackpack:white_sleeping_bag":1,"jet_and_elias_armors:mercenary_gear_chestplate":1,"minecraft:bow":5,"minecraft:light_weighted_pressure_plate":2,"minecraft:stick":16,"minecraft:iron_ingot":17,"minecraft:stone_pickaxe":1,"minecraft:wooden_axe":1,"minecraft:stone_sword":1,"minecraft:chest":2,"minecraft:gold_ingot":9,"minecraft:white_bed":1,"minecraft:torch":20,"iceandfire:silver_pickaxe":2}},"DataVersion":3465}