{"stats":{"minecraft:dropped":{"minecraft:bamboo_stairs":9,"minecraft:dirt":149,"minecraft:dark_oak_log":12,"minecraft:wheat_seeds":1,"minecraft:mutton":1,"minecraft:rose_bush":1,"minecraft:dark_oak_sapling":5,"minecraft:spider_eye":1,"minecraft:oak_planks":1,"minecraft:lantern":1,"minecraft:spruce_slab":2,"minecraft:string":3,"minecraft:spruce_fence":2,"minecraft:stripped_spruce_log":1,"minecraft:stick":6},"minecraft:picked_up":{"minecraft:bamboo_stairs":9,"minecraft:dark_oak_sapling":7,"minecraft:stick":8,"narutoto:shadow_clone_scroll":1,"minecraft:chicken":2,"minecraft:cooked_porkchop":6,"narutoto:copper_coin":2,"minecraft:stone_brick_slab":1,"minecraft:spruce_fence":2,"minecraft:stripped_spruce_log":2,"narutoto:shuriken_item":3,"minecraft:dark_oak_log":12,"minecraft:spider_eye":1,"minecraft:string":4,"minecraft:dirt":149,"narutoto:substitution":1,"minecraft:lantern":1,"minecraft:orange_bed":1,"minecraft:cooked_mutton":2,"narutoto:fireball_scroll":2,"narutoto:retsudo_tensho_scroll":2,"minecraft:wheat_seeds":1,"narutoto:sharingan_genjutsu_scroll":1,"narutoto:raikyu_scroll":1,"minecraft:rose_bush":1,"minecraft:white_concrete":8,"minecraft:spruce_slab":2,"narutoto:daitoppa_scroll":1,"minecraft:mutton":1,"minecraft:oak_planks":2,"minecraft:spruce_trapdoor":2,"minecraft:white_wool":2,"narutoto:silver_coin":5},"minecraft:killed_by":{"narutoto:white_zetsu":1,"narutoto:sand_genin":1,"narutoto:chunin_clone":2,"narutoto:sand_chunin":3,"narutoto:jiraiya_npc":1,"narutoto:haku_npc":1,"minecraft:player":1,"narutoto:chunin_npc":1,"narutoto:uchiha_npc_3":3,"narutoto:uchiha_npc_1":1,"narutoto:jonin_npc":1,"narutoto:gaara_npc":1},"minecraft:mined":{"minecraft:glass_pane":2,"minecraft:dark_oak_leaves":1,"minecraft:fire":6,"minecraft:grass":2,"minecraft:sunflower":2,"minecraft:oak_leaves":1,"minecraft:orange_bed":1},"minecraft:used":{"minecraft:chicken":2,"minecraft:oak_planks":1,"narutoto:kunai_weapon":1,"minecraft:cooked_mutton":1},"minecraft:custom":{"minecraft:sprint_one_cm":180871,"minecraft:damage_taken":13494,"minecraft:walk_one_cm":317336,"minecraft:mob_kills":5,"minecraft:drop":95,"minecraft:damage_dealt":262,"minecraft:swim_one_cm":3204,"minecraft:fly_one_cm":255785,"minecraft:open_barrel":1,"minecraft:open_chest":11,"minecraft:play_time":79156,"minecraft:crouch_one_cm":2275,"minecraft:deaths":30,"minecraft:sneak_time":1144,"minecraft:walk_under_water_one_cm":8148,"minecraft:jump":721,"minecraft:damage_dealt_resisted":5,"minecraft:leave_game":3,"minecraft:time_since_death":2805,"minecraft:walk_on_water_one_cm":8370,"minecraft:sleep_in_bed":1,"minecraft:total_world_time":79156,"minecraft:climb_one_cm":524,"minecraft:fall_one_cm":223558,"minecraft:time_since_rest":2833}},"DataVersion":3465}