{"stats":{"minecraft:picked_up":{"narutoto:raikyu_scroll":1,"narutoto:fireball_scroll":1,"narutoto:retsudo_tensho_scroll":1},"minecraft:killed_by":{"narutoto:haku_npc":1,"narutoto:sand_genin":1},"minecraft:mined":{"minecraft:dark_oak_leaves":1,"minecraft:grass":1},"minecraft:custom":{"minecraft:jump":82,"minecraft:damage_dealt":54,"minecraft:time_since_rest":663,"minecraft:damage_taken":760,"minecraft:leave_game":2,"minecraft:crouch_one_cm":392,"minecraft:play_time":11019,"minecraft:sprint_one_cm":11963,"minecraft:time_since_death":636,"minecraft:walk_one_cm":29199,"minecraft:deaths":2,"minecraft:sneak_time":183,"minecraft:total_world_time":11019,"minecraft:mob_kills":1,"minecraft:fall_one_cm":8498,"minecraft:fly_one_cm":12966}},"DataVersion":3465}