{"stats":{"minecraft:dropped":{"minecraft:stripped_spruce_log":2,"minecraft:wheat_seeds":5,"minecraft:dark_oak_sapling":7,"minecraft:book":2,"minecraft:oak_planks":1,"minecraft:lantern":1,"minecraft:spruce_fence":2,"minecraft:stick":8,"minecraft:bamboo_stairs":9,"narutoto:sharingan_genjutsu_scroll":1,"minecraft:dirt":206,"minecraft:dark_oak_log":12,"minecraft:gunpowder":2,"minecraft:spruce_trapdoor":2,"minecraft:mutton":1,"minecraft:rose_bush":1,"minecraft:oak_sapling":4,"minecraft:spider_eye":1,"minecraft:spruce_slab":2,"minecraft:string":11,"minecraft:white_wool":2,"minecraft:stone_brick_slab":1,"minecraft:egg":1},"minecraft:killed_by":{"narutoto:sand_genin":1,"narutoto:white_zetsu":1,"narutoto:sand_chunin":4,"narutoto:haku_npc":2,"minecraft:player":1,"narutoto:gamabunta":1,"narutoto:uchiha_npc_3":3,"narutoto:uchiha_npc_1":1,"narutoto:chunin_clone":2,"narutoto:jiraiya_npc":1,"narutoto:chunin_npc":1,"narutoto:ten_ten_npc":1,"narutoto:uchiha_npc_2":3,"narutoto:jonin_npc":1,"narutoto:gaara_npc":1},"minecraft:picked_up":{"minecraft:birch_log":1,"minecraft:bamboo_stairs":9,"minecraft:azure_bluet":1,"minecraft:chicken":2,"minecraft:gunpowder":2,"minecraft:dirt":213,"minecraft:string":11,"narutoto:substitution":2,"minecraft:lantern":1,"minecraft:cooked_mutton":2,"narutoto:retsudo_tensho_scroll":2,"minecraft:wheat_seeds":5,"narutoto:raikyu_scroll":1,"minecraft:rose_bush":1,"minecraft:spruce_slab":2,"minecraft:oak_planks":2,"minecraft:spruce_trapdoor":2,"minecraft:egg":1,"minecraft:book":1,"narutoto:silver_coin":5,"minecraft:dark_oak_sapling":7,"minecraft:stick":8,"narutoto:shadow_clone_scroll":2,"minecraft:cooked_porkchop":6,"narutoto:copper_coin":2,"minecraft:stone_brick_slab":1,"minecraft:spruce_fence":2,"minecraft:stripped_spruce_log":2,"narutoto:shuriken_item":3,"minecraft:dark_oak_log":12,"minecraft:spider_eye":1,"minecraft:orange_bed":1,"narutoto:fireball_scroll":2,"narutoto:sharingan_genjutsu_scroll":2,"minecraft:white_concrete":8,"minecraft:oak_sapling":4,"narutoto:daitoppa_scroll":1,"minecraft:mutton":1,"minecraft:white_wool":2},"minecraft:mined":{"minecraft:glass_pane":2,"minecraft:dark_oak_leaves":1,"minecraft:fire":20,"minecraft:birch_leaves":1,"minecraft:grass":4,"minecraft:sunflower":2,"minecraft:oak_leaves":1,"minecraft:orange_bed":1},"minecraft:custom":{"minecraft:mob_kills":5,"minecraft:open_barrel":1,"minecraft:damage_dealt_resisted":5,"minecraft:leave_game":3,"minecraft:time_since_death":2756,"minecraft:sleep_in_bed":1,"minecraft:climb_one_cm":524,"minecraft:time_since_rest":2898,"minecraft:sprint_one_cm":244267,"minecraft:damage_taken":17484,"minecraft:walk_one_cm":403464,"minecraft:drop":124,"minecraft:damage_dealt":300,"minecraft:swim_one_cm":7670,"minecraft:fly_one_cm":405383,"minecraft:open_chest":18,"minecraft:crouch_one_cm":2278,"minecraft:play_time":97156,"minecraft:deaths":39,"minecraft:sneak_time":1395,"minecraft:walk_under_water_one_cm":18253,"minecraft:jump":980,"minecraft:walk_on_water_one_cm":15424,"minecraft:total_world_time":97156,"minecraft:fall_one_cm":420766},"minecraft:used":{"minecraft:cooked_mutton":1,"minecraft:oak_planks":1,"narutoto:kunai_weapon":1,"minecraft:chicken":2,"minecraft:cooked_porkchop":2,"minecraft:birch_log":1,"minecraft:white_concrete":8}},"DataVersion":3465}