{"stats":{"minecraft:dropped":{"minecraft:spider_eye":1,"minecraft:stick":1},"minecraft:picked_up":{"narutoto:silver_coin":1,"minecraft:chicken":2,"narutoto:fireball_scroll":1,"narutoto:retsudo_tensho_scroll":1,"narutoto:raikyu_scroll":1,"minecraft:spider_eye":1,"minecraft:string":1,"minecraft:stick":1},"minecraft:killed_by":{"narutoto:white_zetsu":1,"narutoto:sand_genin":1,"narutoto:uchiha_npc_3":1,"narutoto:haku_npc":1},"minecraft:mined":{"minecraft:grass":1,"minecraft:dark_oak_leaves":1,"minecraft:oak_leaves":1},"minecraft:used":{"minecraft:chicken":2},"minecraft:custom":{"minecraft:time_since_rest":330,"minecraft:crouch_one_cm":1077,"minecraft:sprint_one_cm":52427,"minecraft:play_time":23019,"minecraft:deaths":5,"minecraft:damage_taken":1845,"minecraft:walk_one_cm":73953,"minecraft:sneak_time":428,"minecraft:mob_kills":3,"minecraft:drop":2,"minecraft:jump":222,"minecraft:damage_dealt":189,"minecraft:leave_game":2,"minecraft:walk_on_water_one_cm":4870,"minecraft:time_since_death":294,"minecraft:total_world_time":23019,"minecraft:fall_one_cm":53576,"minecraft:fly_one_cm":56166}},"DataVersion":3465}