{
  "narutoto:beat_npc": {
    "criteria": {
      "beat_npc_0": "2024-07-12 02:14:44 +0000"
    },
    "done": true
  },
  "narutoto:nature_water": {
    "criteria": {
      "nature_water_0": "2024-07-12 02:18:06 +0000"
    },
    "done": true
  },
  "minecraft:recipes/decorations/crafting_table": {
    "criteria": {
      "unlock_right_away": "2024-07-12 02:14:44 +0000"
    },
    "done": true
  },
  "narutoto:nature_fire": {
    "criteria": {
      "nature_fire_0": "2024-07-12 02:17:53 +0000"
    },
    "done": true
  },
  "narutoto:uchiha_clan": {
    "criteria": {
      "uchiha_clan_0": "2024-07-12 02:17:53 +0000"
    },
    "done": true
  },
  "narutoto:nature_earth": {
    "criteria": {
      "nature_earth_0": "2024-07-12 02:18:20 +0000"
    },
    "done": true
  },
  "minecraft:adventure/adventuring_time": {
    "criteria": {
      "minecraft:dark_forest": "2024-07-12 02:14:45 +0000"
    },
    "done": false
  },
  "narutoto:nature_wind": {
    "criteria": {
      "nature_wind_0": "2024-07-12 02:18:17 +0000"
    },
    "done": true
  },
  "narutoto:begin": {
    "criteria": {
      "begin_0": "2024-07-12 02:14:44 +0000"
    },
    "done": true
  },
  "DataVersion": 3465
}