{
  "narutoto:beat_npc": {
    "criteria": {
      "beat_npc_0": "2024-07-12 03:25:40 +0000"
    },
    "done": true
  },
  "minecraft:recipes/decorations/crafting_table": {
    "criteria": {
      "unlock_right_away": "2024-07-12 03:25:40 +0000"
    },
    "done": true
  },
  "narutoto:begin": {
    "criteria": {
      "begin_0": "2024-07-12 03:25:40 +0000"
    },
    "done": true
  },
  "minecraft:adventure/adventuring_time": {
    "criteria": {
      "minecraft:river": "2024-07-12 04:10:26 +0000",
      "minecraft:forest": "2024-07-12 03:25:42 +0000"
    },
    "done": false
  },
  "narutoto:nature_fire": {
    "criteria": {
      "nature_fire_0": "2024-07-12 03:25:57 +0000"
    },
    "done": true
  },
  "narutoto:uchiha_clan": {
    "criteria": {
      "uchiha_clan_0": "2024-07-12 03:25:57 +0000"
    },
    "done": true
  },
  "narutoto:nature_wind": {
    "criteria": {
      "nature_wind_0": "2024-07-12 03:25:58 +0000"
    },
    "done": true
  },
  "narutoto:nature_water": {
    "criteria": {
      "nature_water_0": "2024-07-12 03:26:04 +0000"
    },
    "done": true
  },
  "minecraft:recipes/transportation/mangrove_boat": {
    "criteria": {
      "in_water": "2024-07-12 04:10:21 +0000"
    },
    "done": true
  },
  "narutoto:uzumaki_clan": {
    "criteria": {
      "uzumaki_clan_0": "2024-07-12 04:07:54 +0000"
    },
    "done": true
  },
  "minecraft:recipes/transportation/acacia_boat": {
    "criteria": {
      "in_water": "2024-07-12 04:10:21 +0000"
    },
    "done": true
  },
  "minecraft:recipes/transportation/cherry_boat": {
    "criteria": {
      "in_water": "2024-07-12 04:10:21 +0000"
    },
    "done": true
  },
  "minecraft:recipes/transportation/bamboo_raft": {
    "criteria": {
      "in_water": "2024-07-12 04:10:21 +0000"
    },
    "done": true
  },
  "minecraft:recipes/transportation/spruce_boat": {
    "criteria": {
      "in_water": "2024-07-12 04:10:21 +0000"
    },
    "done": true
  },
  "minecraft:recipes/transportation/birch_boat": {
    "criteria": {
      "in_water": "2024-07-12 04:10:21 +0000"
    },
    "done": true
  },
  "minecraft:recipes/transportation/oak_boat": {
    "criteria": {
      "in_water": "2024-07-12 04:10:21 +0000"
    },
    "done": true
  },
  "minecraft:recipes/transportation/jungle_boat": {
    "criteria": {
      "in_water": "2024-07-12 04:10:21 +0000"
    },
    "done": true
  },
  "minecraft:recipes/transportation/dark_oak_boat": {
    "criteria": {
      "in_water": "2024-07-12 04:10:21 +0000"
    },
    "done": true
  },
  "DataVersion": 3465
}